mark,title,,,,,,,,,,,,,,,,,,
1,what personal information does alexa internet collect?,,,,,,,,,,,,,,,,,,
2,what about cookies and other identifiers?,,,,,,,,,,,,,,,,,,
3,does alexa internet share the information it receives?,,,,,,,,,,,,,,,,,,
4,how secure is information about me?,,,,,,,,,,,,,,,,,,
5,what about advertising?,,,,,,,,,,,,,,,,,,
6,which information can i access?,,,,,,,,,,,,,,,,,,
6,what choices do i have?,,,,,,,,,,,,,,,,,,
7,are children allowed to use alexa internet?,,,,,,,,,,,,,,,,,,
8,california consumer privacy act (‚Äúccpa‚Äù),,,,,,,,,,,,,,,,,,
9,"conditions of use, notices, and revisions",,,,,,,,,,,,,,,,,,
10,examples of information collected,,,,,,,,,,,,,,,,,,
13,reasons we can share your information:,,,,,,,,,,,,,,,,,,
3,does cutting edge share?,,,,,,,,,,,,,,,,,,
6,can you limit this sharing?,,,,,,,,,,,,,,,,,,
0,privacy policy,,,,,,,,,,,,,,,,,,
0,questions:,,,,,,,,,,,,,,,,,,
11,who is providing this notice?,,,,,,,,,,,,,,,,,,
4,how does cutting edge credit union protect my personal information?,,,,,,,,,,,,,,,,,,
10,how does cutting edge fcu collect my personal information?,,,,,,,,,,,,,,,,,,
6,why can not i limit all sharing?,,,,,,,,,,,,,,,,,,
0,affiliates:,,,,,,,,,,,,,,,,,,
0,nonaffiliates:,,,,,,,,,,,,,,,,,,
0,joint marketing:,,,,,,,,,,,,,,,,,,
1,non-personal information we collect about you,,,,,,,,,,,,,,,,,,
2,a. cookies ,,,,,,,,,,,,,,,,,,
0,b. web beacons ,,,,,,,,,,,,,,,,,,
1,volunteering personally identifiable information,,,,,,,,,,,,,,,,,,
4,security of your financial information,,,,,,,,,,,,,,,,,,
4,security of information we collect on your behalf,,,,,,,,,,,,,,,,,,
4,security of your personal information,,,,,,,,,,,,,,,,,,
3,disclosure of your information,,,,,,,,,,,,,,,,,,
4,protection of your personal information,,,,,,,,,,,,,,,,,,
7,privacy of children,,,,,,,,,,,,,,,,,,
9,changes to this privacy policy,,,,,,,,,,,,,,,,,,
0,service-related announcements,,,,,,,,,,,,,,,,,,
0,customer service,,,,,,,,,,,,,,,,,,
11,contact information,,,,,,,,,,,,,,,,,,
0,privacy policy,,,,,,,,,,,,,,,,,,
1,gathering of personally-identifying information,,,,,,,,,,,,,,,,,,
12,data retention policy,,,,,,,,,,,,,,,,,,
1,log data,,,,,,,,,,,,,,,,,,
4,protection of certain personally-identifying information,,,,,,,,,,,,,,,,,,
9,privacy policy changes,,,,,,,,,,,,,,,,,,
0,capital investment advisors privacy notice,,,,,,,,,,,,,,,,,,
1,categories of personal information,,,,,,,,,,,,,,,,,,
2,use of cookies,,,,,,,,,,,,,,,,,,
13,why we use your data,,,,,,,,,,,,,,,,,,
12,how long do we keep your data,,,,,,,,,,,,,,,,,,
13,what do we do with your data,,,,,,,,,,,,,,,,,,
0,bulletin boards and chat rooms,,,,,,,,,,,,,,,,,,
7,children‚Äôs privacy,,,,,,,,,,,,,,,,,,
4,security of information,,,,,,,,,,,,,,,,,,
6,what are your rights?,,,,,,,,,,,,,,,,,,
6,you have a right to be informed about the personal information that we are collecting about you. ,,,,,,,,,,,,,,,,,,
6,you have a right to see what specific pieces of personal information we have collected and currently hold about you twice in each twelve-month period,,,,,,,,,,,,,,,,,,
6,your have the right to have your personal information deleted.,,,,,,,,,,,,,,,,,,
6,you have the right to know if your personal information is shared or sold.,,,,,,,,,,,,,,,,,,
6,you have the right to opt out. ,,,,,,,,,,,,,,,,,,
0,you have the right to non-discrimination.,,,,,,,,,,,,,,,,,,
0,alternative privacy policies,,,,,,,,,,,,,,,,,,
9,revisions,,,,,,,,,,,,,,,,,,
0,privacy policy ,,,,,,,,,,,,,,,,,,
1,collection of your personal information,,,,,,,,,,,,,,,,,,
13,use of your personal information ,,,,,,,,,,,,,,,,,,
2,use of cookies ,,,,,,,,,,,,,,,,,,
4,security of your personal information,,,,,,,,,,,,,,,,,,
7,children under thirteen,,,,,,,,,,,,,,,,,,
0,opt-out & unsubscribe,,,,,,,,,,,,,,,,,,
11,contact information ,,,,,,,,,,,,,,,,,,
0,spokenlayer privacy policy,,,,,,,,,,,,,,,,,,
0,1. introduction,,,,,,,,,,,,,,,,,,
0,privacy policy,,,,,,,,,,,,,,,,,,
0,scope and date of policy,,,,,,,,,,,,,,,,,,
1,what personal data we collect,,,,,,,,,,,,,,,,,,
10,how we collect personal data,,,,,,,,,,,,,,,,,,
13,how we use personal data,,,,,,,,,,,,,,,,,,
3,disclosure and sharing of personal data,,,,,,,,,,,,,,,,,,
3,transfer of personal data,,,,,,,,,,,,,,,,,,
12,retention of personal data,,,,,,,,,,,,,,,,,,
6,data rights,,,,,,,,,,,,,,,,,,
11,how to contact us,,,,,,,,,,,,,,,,,,
0,instapass,,,,,,,,,,,,,,,,,,
0,share smartkarma corporate solutions brochure with your team,,,,,,,,,,,,,,,,,,
0,download smartkarma corporate solutions subscription plans,,,,,,,,,,,,,,,,,,
0,"Phyllis Pieri, CFE",,,,,,,,,,,,,,,,,,
0,Consent,,,,,,,,,,,,,,,,,,
1,Information we collect,,,,,,,,,,,,,,,,,,
13,How we use your information,,,,,,,,,,,,,,,,,,
1,Log Files,,,,,,,,,,,,,,,,,,
5,Advertising Partners Privacy Policies,,,,,,,,,,,,,,,,,,
0,Third Party Privacy Policies,,,,,,,,,,,,,,,,,,
6,CCPA Privacy Rights (Do Not Sell My Personal Information),,,,,,,,,,,,,,,,,,
4,GDPR Data Protection Rights,,,,,,,,,,,,,,,,,,
7,Children's Information,,,,,,,,,,,,,,,,,,
11,CONTACT US,,,,,,,,,,,,,,,,,,
0,Phyllis Pieri,,,,,,,,,,,,,,,,,,
0,25372 Juniper Drive,,,,,,,,,,,,,,,,,,
0,"Mission Viejo, CA 92691",,,,,,,,,,,,,,,,,,
0,425-922-4126,,,,,,,,,,,,,,,,,,
11,FOLLOW US,,,,,,,,,,,,,,,,,,
11,Contact US¬†,,,,,,,,,,,,,,,,,,
0,Interpretation,,,,,,,,,,,,,,,,,,
0,Definitions,,,,,,,,,,,,,,,,,,
1,Types of Data Collected,,,,,,,,,,,,,,,,,,
13,Use of Your Personal Data,,,,,,,,,,,,,,,,,,
12,Retention of Your Personal Data,,,,,,,,,,,,,,,,,,
3,Transfer of Your Personal Data,,,,,,,,,,,,,,,,,,
3,Disclosure of Your Personal Data,,,,,,,,,,,,,,,,,,
4,Security of Your Personal Data,,,,,,,,,,,,,,,,,,
0,Privacy Policy,,,,,,,,,,,,,,,,,,
0,Interpretation and Definitions,,,,,,,,,,,,,,,,,,
13,Collecting and Using Your Personal Data,,,,,,,,,,,,,,,,,,
8,Your California Privacy Rights (California's Shine the Light law),,,,,,,,,,,,,,,,,,
8,California Privacy Rights for Minor Users (California Business and Professions Code Section 22581),,,,,,,,,,,,,,,,,,
0,Links to Other Websites,,,,,,,,,,,,,,,,,,
10,Changes to this Privacy Policy,,,,,,,,,,,,,,,,,,
11,Contact Us,,,,,,,,,,,,,,,,,,
1,"What personal information do we collect from the people that visit our blog, website or app?",,,,,,,,,,,,,,,,,,
10,When do we collect information?,,,,,,,,,,,,,,,,,,
13,How do we use your information? ,,,,,,,,,,,,,,,,,,
4,How do we protect your information?,,,,,,,,,,,,,,,,,,
2,Do we use 'cookies'?,,,,,,,,,,,,,,,,,,
2,We use cookies to:,,,,,,,,,,,,,,,,,,
3,Third-party disclosure,,,,,,,,,,,,,,,,,,
0,Third-party links,,,,,,,,,,,,,,,,,,
0,Google,,,,,,,,,,,,,,,,,,
7,COPPA (Children Online Privacy Protection Act),,,,,,,,,,,,,,,,,,
0,CAN SPAM Act,,,,,,,,,,,,,,,,,,
0,"To be in accordance with CANSPAM, we agree to the following:",,,,,,,,,,,,,,,,,,
0,ALL,,,,,,,,,,,,,,,,,,
11,Contacting Us,,,,,,,,,,,,,,,,,,
1,"What personal information do we collect from the people that visit our blog, website or app?",,,,,,,,,,,,,,,,,,
10,When do we collect information?,,,,,,,,,,,,,,,,,,
13,How do we use your information? ,,,,,,,,,,,,,,,,,,
4,How do we protect your information?,,,,,,,,,,,,,,,,,,
2,Do we use 'cookies'?,,,,,,,,,,,,,,,,,,
3,Third-party disclosure,,,,,,,,,,,,,,,,,,
0,Third-party links,,,,,,,,,,,,,,,,,,
1,Information Collection And Use,,,,,,,,,,,,,,,,,,
13,Use of Data,,,,,,,,,,,,,,,,,,
3,Transfer Of Data,,,,,,,,,,,,,,,,,,
3,Disclosure Of Data,,,,,,,,,,,,,,,,,,
4,Security Of Data,,,,,,,,,,,,,,,,,,
11,Service Providers,,,,,,,,,,,,,,,,,,
0,Links To Other Sites,,,,,,,,,,,,,,,,,,
7,Children's Privacy,,,,,,,,,,,,,,,,,,
9,Changes To This Privacy Policy,,,,,,,,,,,,,,,,,,
11,Contact Us,,,,,,,,,,,,,,,,,,
0,TABLE OF CONTENTS,,,,,,,,,,,,,,,,,,
1,1. WHAT INFORMATION DO WE COLLECT?,,,,,,,,,,,,,,,,,,
13,2. HOW DO WE USE YOUR INFORMATION?,,,,,,,,,,,,,,,,,,
3,3. WILL YOUR INFORMATION BE SHARED WITH ANYONE?,,,,,,,,,,,,,,,,,,
12,4. HOW LONG DO WE KEEP YOUR INFORMATION?,,,,,,,,,,,,,,,,,,
4,5. HOW DO WE KEEP YOUR INFORMATION SAFE?,,,,,,,,,,,,,,,,,,
0,6. DO WE COLLECT INFORMATION FROM MINORS?,,,,,,,,,,,,,,,,,,
6,7. WHAT ARE YOUR PRIVACY RIGHTS?,,,,,,,,,,,,,,,,,,
0,8. CONTROLS FOR DO-NOT-TRACK FEATURES,,,,,,,,,,,,,,,,,,
8,9. DO CALIFORNIA RESIDENTS HAVE SPECIFIC PRIVACY RIGHTS?,,,,,,,,,,,,,,,,,,
9,10. DO WE MAKE UPDATES TO THIS POLICY?,,,,,,,,,,,,,,,,,,
11,11. HOW CAN YOU CONTACT US ABOUT THIS POLICY?,,,,,,,,,,,,,,,,,,
1,1. Information we collect,,,,,,,,,,,,,,,,,,
0,2. Our legal bases for processing,,,,,,,,,,,,,,,,,,
13,3. Collecting and using information,,,,,,,,,,,,,,,,,,
3,4. Disclosure of personal information to third parties,,,,,,,,,,,,,,,,,,
3,5. International transfers of personal information,,,,,,,,,,,,,,,,,,
6,6. Your rights as our user,,,,,,,,,,,,,,,,,,
2,Cookies,,,,,,,,,,,,,,,,,,
0,Business transfers,,,,,,,,,,,,,,,,,,
0,About this policy,,,,,,,,,,,,,,,,,,
1,Information we may collect,,,,,,,,,,,,,,,,,,
2,Cookies,,,,,,,,,,,,,,,,,,
13,How your information is used,,,,,,,,,,,,,,,,,,
3,Disclosure of your information,,,,,,,,,,,,,,,,,,
6,Your right to opt out,,,,,,,,,,,,,,,,,,
7,Children's privacy online,,,,,,,,,,,,,,,,,,
9,Changes in our privacy notice,,,,,,,,,,,,,,,,,,
6,How to change or correct your personal information,,,,,,,,,,,,,,,,,,
0,Former customers,,,,,,,,,,,,,,,,,,
1,Digital information collection,,,,,,,,,,,,,,,,,,
4,Information security,,,,,,,,,,,,,,,,,,
3,Sharing information,,,,,,,,,,,,,,,,,,
0,Public forums,,,,,,,,,,,,,,,,,,
0,Encrypted email,,,,,,,,,,,,,,,,,,
0,Fraud and other internet risks,,,,,,,,,,,,,,,,,,
10,Information collected in contests or surveys,,,,,,,,,,,,,,,,,,
0,Links to other websites,,,,,,,,,,,,,,,,,,
6,How to refuse communications,,,,,,,,,,,,,,,,,,
7,Protecting children_ online privacy,,,,,,,,,,,,,,,,,,
9,Changes,,,,,,,,,,,,,,,,,,
1,Log Data,,,,,,,,,,,,,,,,,,
2,Cookies,,,,,,,,,,,,,,,,,,
11,Service Providers,,,,,,,,,,,,,,,,,,
4,Security,,,,,,,,,,,,,,,,,,
0,Links to Other Sites,,,,,,,,,,,,,,,,,,
7,Children‚Äôs Privacy,,,,,,,,,,,,,,,,,,
9,Changes to This Privacy Policy,,,,,,,,,,,,,,,,,,
11,Contact Us,,,,,,,,,,,,,,,,,,
15,1. the information we collect and use,,,,,,,,,,,,,,,,,,
1,1.1 location-based information,,,,,,,,,,,,,,,,,,
1,1.2 account information,,,,,,,,,,,,,,,,,,
1,1.3 usage information,,,,,,,,,,,,,,,,,,
1,1.4 device utilization information,,,,,,,,,,,,,,,,,,
1,1.5 survey information,,,,,,,,,,,,,,,,,,
10,2. how we use consumer information that we collect,,,,,,,,,,,,,,,,,,
0,"2.6 Contests, Sweepstakes and Other Promotions",,,,,,,,,,,,,,,,,,
0,3.1 Contractors and Third-Party Service Providers,,,,,,,,,,,,,,,,,,
11,3.2 Utility and Device Providers,,,,,,,,,,,,,,,,,,
0,3.4 Affiliated Companies,,,,,,,,,,,,,,,,,,
0,3.5 Third-Party Websites,,,,,,,,,,,,,,,,,,
6,4.2 Changing your Privacy Settings: How to Opt-In or Opt-Out,,,,,,,,,,,,,,,,,,
6,4.4 Review and Update of Account Information,,,,,,,,,,,,,,,,,,
7,5. INFORMATION FROM CHILDREN,,,,,,,,,,,,,,,,,,
12,7. SECURITY OF CONSUMER INFORMATION AND DATA RETENTION,,,,,,,,,,,,,,,,,,
0,8. GENERAL,,,,,,,,,,,,,,,,,,
9,8.1 Amendments to this Privacy Policy,,,,,,,,,,,,,,,,,,
11,8.2 Contact Us,,,,,,,,,,,,,,,,,,
8,9. California Consumer Privacy Act (CCPA) Rights,,,,,,,,,,,,,,,,,,
1,"What personal information do we collect from the people that visit our blog, website or app?",,,,,,,,,,,,,,,,,,
10,When do we collect information?,,,,,,,,,,,,,,,,,,
13,How do we use your information?,,,,,,,,,,,,,,,,,,
4,How do we protect your information?,,,,,,,,,,,,,,,,,,
3,Third-party disclosure,,,,,,,,,,,,,,,,,,
0,Third-party links,,,,,,,,,,,,,,,,,,
8,California Online Privacy Protection Act,,,,,,,,,,,,,,,,,,
3,Does our site allow third-party behavioral tracking?,,,,,,,,,,,,,,,,,,
7,COPPA (Children Online Privacy Protection Act),,,,,,,,,,,,,,,,,,
7,We do not specifically market to children under the age of 13 years old.,,,,,,,,,,,,,,,,,,
0,"Great!""0""",SpokenLayer Privacy Policy,,,,,,,,,,,,,,,,,
0,1. Introduction,,,,,,,,,,,,,,,,,,
0,2.  Definitions,,,,,,,,,,,,,,,,,,
1,3.  Information Collected,,,,,,,,,,,,,,,,,,
13,4. How we Use Your Personal Date that We Collect,,,,,,,,,,,,,,,,,,
0,"5.  Accessing, Editing, and Removing Your Information",,,,,,,,,,,,,,,,,,
2,6.  Cookies,,,,,,,,,,,,,,,,,,
0,7.  Third Party Websites,,,,,,,,,,,,,,,,,,
34,8.  Third Party Access to Your Information,,,,,,,,,,,,,,,,,,
0,9.  Release of Your Information for Legal Purposes,,,,,,,,,,,,,,,,,,
0,10.  Commercial and Non-Commercial Communications,,,,,,,,,,,,,,,,,,
4,11.  Security Measures,,,,,,,,,,,,,,,,,,
8,12.  Your California Online Privacy Rights,,,,,,,,,,,,,,,,,,
0,13.  International Transfer,,,,,,,,,,,,,,,,,,
0,14.  Amendments,,,,,,,,,,,,,,,,,,
8,General Data Protection Regulation (GDPR),,,,,,,,,,,,,,,,,,
1,Log Files,,,,,,,,,,,,,,,,,,
2,Cookies and Web Beacons,,,,,,,,,,,,,,,,,,
0,Privacy Policies,,,,,,,,,,,,,,,,,,
0,Third Party Privacy Policies,,,,,,,,,,,,,,,,,,
7,Children's Information,,,,,,,,,,,,,,,,,,
0,Online Privacy Policy Only,,,,,,,,,,,,,,,,,,
0,Consent,,,,,,,,,,,,,,,,,,
1,"In the course of our business, we may collect Personal Information about you from the following sources:",,,,,,,,,,,,,,,,,,
4,Our Policies Regarding the Protection of the Confidentiality and Security of Your Personal Information,,,,,,,,,,,,,,,,,,
3,Our Policies and Practices Regarding the Sharing of Your Personal Information,,,,,,,,,,,,,,,,,,
6,Right to Access Your Personal Information and Ability to Correct Errors or Request Changes or Deletion,,,,,,,,,,,,,,,,,,
0,Multiple Products or Services,,,,,,,,,,,,,,,,,,
0,PROJECT DISTINCT,,,,,,,,,,,,,,,,,,
13,Why do we collect personal information?,,,,,,,,,,,,,,,,,,
1,What kind of personal information do we collect?,,,,,,,,,,,,,,,,,,
2,What are cookies and how do we use them?,,,,,,,,,,,,,,,,,,
4,How do we protect your personal information?,,,,,,,,,,,,,,,,,,
3,How and when do we disclose the information we collect?,,,,,,,,,,,,,,,,,,
0,Subscribe to the PROJECT DISTINCT DAILY PODCAST,,,,,,,,,,,,,,,,,,
0,Introduction,,,,,,,,,,,,,,,,,,
1,This policy applies to information we collect,,,,,,,,,,,,,,,,,,
1,Information We Collect About You and How We Collect It,,,,,,,,,,,,,,,,,,
1,Information You Provide to Us,,,,,,,,,,,,,,,,,,
1,Information We Collect Through Automatic Data Collection Technologies.,,,,,,,,,,,,,,,,,,
2,Cookies (or browser cookies),,,,,,,,,,,,,,,,,,
2,Flash Cookies.,,,,,,,,,,,,,,,,,,
0,Web Beacons.,,,,,,,,,,,,,,,,,,
3,Third-party Use of Cookies and Other Tracking Technologies.,,,,,,,,,,,,,,,,,,
13,How We Use Your Information,,,,,,,,,,,,,,,,,,
3,Disclosure of Your Information,,,,,,,,,,,,,,,,,,
6,Withdrawing Your Consent,,,,,,,,,,,,,,,,,,
0,Supplementing Information,,,,,,,,,,,,,,,,,,
3,We may also disclose your personal information:,,,,,,,,,,,,,,,,,,
13,Choices About How We Use and Disclose Your Information,,,,,,,,,,,,,,,,,,
5,Tracking Technologies and Advertising,,,,,,,,,,,,,,,,,,
3,Disclosure of Your Information for Third-Party Advertising,,,,,,,,,,,,,,,,,,
0,Promotional Offers from the Company.,,,,,,,,,,,,,,,,,,
5,Targeted Advertising,,,,,,,,,,,,,,,,,,
6,Accessing and Correcting Your Information,,,,,,,,,,,,,,,,,,
4,Data Security,,,,,,,,,,,,,,,,,,
9,Changes to Our Privacy Policy,,,,,,,,,,,,,,,,,,
0,Contact Information,,,,,,,,,,,,,,,,,,
12,Removal of Your Information,,,,,,,,,,,,,,,,,,
0,Concerns or Questions Regarding our Compliance,,,,,,,,,,,,,,,,,,
0,Digital Millennium Copyright Act Notice:,,,,,,,,,,,,,,,,,,
0,Compliance with the General Digital Protection Regulation promulgated by the European Union in May 2018,,,,,,,,,,,,,,,,,,
0,Book A Demo,,,,,,,,,,,,,,,,,,
0,Request For Quote,,,,,,,,,,,,,,,,,,
0,Full Service Press Release Form,,,,,,,,,,,,,,,,,,
0,"Don't worry, we got you!",,,,,,,,,,,,,,,,,,
0,SCOPE OF THIS POLICY,,,,,,,,,,,,,,,,,,
0,YOUR CONSENT,,,,,,,,,,,,,,,,,,
0,OUR TERMS OF USE ,,,,,,,,,,,,,,,,,,
6,YOUR CHOICES,,,,,,,,,,,,,,,,,,
9,THIS POLICY MAY CHANGE,,,,,,,,,,,,,,,,,,
1,INFORMATION WE COLLECT,,,,,,,,,,,,,,,,,,
3,INFORMATION ABOUT THIRD-PARTY COOKIES,,,,,,,,,,,,,,,,,,
13,HOW WE USE YOUR INFORMATION,,,,,,,,,,,,,,,,,,
3,HOW WE SHARE YOUR INFORMATION,,,,,,,,,,,,,,,,,,
4,HOW WE PROTECT YOUR INFORMATION,,,,,,,,,,,,,,,,,,
7,A NOTE ABOUT CHILDREN‚ÄôS PRIVACY,,,,,,,,,,,,,,,,,,
0,LINKS TO OTHER WEBSITES,,,,,,,,,,,,,,,,,,
13,ACCESS TO YOUR INFORMATION,,,,,,,,,,,,,,,,,,
12,RETENTION OF PERSONAL INFORMATION,,,,,,,,,,,,,,,,,,
0,GOVERNING LAW,,,,,,,,,,,,,,,,,,
8,QUESTIONS ABOUT THIS POLICY OR AMERICAN PUBLIC MEDIA GROUP‚ÄôS DATA PRACTICES,,,,,,,,,,,,,,,,,,
0,Privacy Statement,,,,,,,,,,,,,,,,,,
8,Information we automatically gather when you visit American Public Media Web sites ,,,,,,,,,,,,,,,,,,
1,Information you give us,,,,,,,,,,,,,,,,,,
1,Name and contact information,,,,,,,,,,,,,,,,,,
1,Demographic and Personal Information,,,,,,,,,,,,,,,,,,
1,Credit-card information,,,,,,,,,,,,,,,,,,
0,Special note for APM contributors,,,,,,,,,,,,,,,,,,
0,Special Note for Public Insight Network Participants,,,,,,,,,,,,,,,,,,
1,Information provided to PIN,,,,,,,,,,,,,,,,,,
4,How APM stores your data,,,,,,,,,,,,,,,,,,
13,How APM may use your data,,,,,,,,,,,,,,,,,,
13,How other PIN newsrooms may use your data,,,,,,,,,,,,,,,,,,
8,Your California Privacy Rights,,,,,,,,,,,,,,,,,,
8,Contact American Public Media,,,,,,,,,,,,,,,,,,
0,Consent ,,,,,,,,,,,,,,,,,,
0,Nielsen//NetRatings,,,,,,,,,,,,,,,,,,
0,Effective Date,                                             ,Personal identification information ,,,,,,,,,,,,,,,,
1,Non-personal identification information ,,,,,,,,,,,,,,,,,,
2,Web browser cookies ,,,,,,,,,,,,,,,,,,
10,How we use collected information ,,,,,,,,,,,,,,,,,,
4,How we protect your information,,,,,,,,,,,,,,,,,,
3,Sharing your personal information,,,,,,,,,,,,,,,,,,
0,Third party websites,,,,,,,,,,,,,,,,,,
9,Changes to this privacy policy ,,,,,,,,,,,,,,,,,,
0,Your acceptance of these terms ,,,,,,,,,,,,,,,,,,
11,Contact Us ,,,,,,,,,,,,,,,,,,
1,Personal identification information,,0,VTS,,,,,,,,,,,,,,,
0,Sales & Support,,,,,,,,,,,,,,,,,,
1,Information we collect about you and how we collect it,,,,,,,,,,,,,,,,,,
13,How we use your information,,,,,,,,,,,,,,,,,,
3,Disclosure of your information,,,,,,,,,,,,,,,,,,
8,Data processing and the GDPR,,,,,,,,,,,,,,,,,,
8,Data controlling and the GDPR,,,,,,,,,,,,,,,,,,
6,"Accessing, correcting your information and exercising privacy law data rights",,,,,,,,,,,,,,,,,,
3,Third-Party data controllers,,,,,,,,,,,,,,,,,,
8,Privacy Shield,,,,,,,,,,,,,,,,,,
4,Data security,,,,,,,,,,,,,,,,,,
0,Questions or complaints,,,,,,,,,,,,,,,,,,
9,Changes to our privacy policy,,,0,Privacy Policies Statement,,,,,,,,,,,,,,
1,Information Gathered,,,,,,,,,,,,,,,,,,
1,Gathering of Personally-Identifying Information,,,,,,,,,,,,,,,,,,
4,Protection of Certain Personally-Identifying Information,,,,,,,,,,,,,,,,,,
2,Use of Cookies,,,,,,,,,,,,,,,,,,
0,Links to Other Web Sites,,,,,,,,,,,,,,,,,,
9,Changes to this Privacy Statement,,,,,,,,,,,,,,,,,,
11,Contacting our Web Site,,,,0,Information Collection And Use,,,,,,,,,,,,,
1,Log Data,,,,,,,,,,,,,,,,,,
2,Cookies,,,,,,,,,,,,,,,,,,
2,DoubleClick Cookie,,,,,,,,,,,,,,,,,,
4,Security,,,,,,,,,,,,,,,,,,
0,Links To Other Sites,,,,,,,,,,,,,,,,,,
7,Children's Privacy,,,,,,,,,,,,,,,,,,
9,Changes To This Privacy Policy,,,,,,,,,,,,,,,,,,
11,Contact Us ,,,,,0,Information Collection And Use,,,,,,,,,,,,
1,information collection and use,,,,,,,,,,,,,,,,,,
1,log data,,,,,,,,,,,,,,,,,,
2,cookies,,,,,,,,,,,,,,,,,,
11,service providers,,,,,,,,,,,,,,,,,,
0,compliance with laws,,,,,,,,,,,,,,,,,,
5,business transaction,,,,,,,,,,,,,,,,,,
4,security,,,,,,,,,,,,,,,,,,
0,international transfer,,,,,,,,,,,,,,,,,,
0,links to other sites,,,,,,,,,,,,,,,,,,
7,children‚Äôs privacy,,,,,,,,,,,,,,,,,,
9,changes to this privacy policy,,,,,,,,,,,,,,,,,,
11,contact us,,,,,,0,children‚Äôs privacy,,,,,,,,,,,
14,disclosure of personal information to third parties,,,,,,,,,,,,,,,,,,
3,international transfers of personal information,,,,,,,,,,,,,,,,,,
6,your rights and controlling your personal information,,,,,,,,,,,,,,,,,,
2,use of cookies,,,,,,,,,,,,,,,,,,
0,limits of our policy,,,,,,,,,,,,,,,,,,
9,changes to this policy,,,,,,,,,,,,,,,,,,
11,contact us,,,,,,,,,,,,,,,,,,
0,domains,,,,,,,,,,,,,,,,,,
0,hosting,,,,,,,,,,,,,,,,,,
4,security,,,,,,,,,,,,,,,,,,
0,account,,,,,,,,,,,,,,,,,,
0,legitimate reasons for processing your personal information,,,,,,,,,,,,,,,,,,
1,collection and use of information,,,,,,,,,,,,,,,,,,
4,security of your personal information,,,,,,,,,,,,,,,,,,
12,how long we keep your personal information,,,,,,,0,akvelon privacy policy,,,,,,,,,,
1,INFORMATION WE COLLECT FROM YOU,,,,,,,,,,,,,,,,,,
2,COOKIES,,,,,,,,,,,,,,,,,,
13,USES MADE OF THE INFORMATION,,,,,,,,,,,,,,,,,,
3,DISCLOSURE OF YOUR INFORMATION,,,,,,,,,,,,,,,,,,
4,WHERE WE STORE YOUR PERSONAL DATA,,,,,,,,,,,,,,,,,,
6,YOUR RIGHTS,,,,,,,,,,,,,,,,,,
0,ACCESS TO INFORMATION,,,,,,,,,,,,,,,,,,
9,CHANGES TO OUR PRIVACY POLICY,,,,,,,,,,,,,,,,,,
11,CONTACT,,,,,,,,0,Assessment Platform,,,,,,,,,
1,Learning Management System,,,,,,,,,,,,,,,,,,
1,Human Resource Platform,,,,,,,,,,,,,,,,,,
1,Voice Over Systems,,,,,,,,,,,,,,,,,,
0,User Communications,,,,,,,,,,,,,,,,,,
1,Customer Accounts and Payments,,,,,,,,,,,,,,,,,,
2,Cookies,,,,,,,,,,,,,,,,,,
1,Automatically Collected Information; Log information,,,,,,,,,,,,,,,,,,
0,Job Applicants,,,,,,,,,,,,,,,,,,
0,Customers,,,,,,,,,,,,,,,,,,
11,Service Providers,,,,,,,,,,,,,,,,,,
2,Cookies,,,,,,,,,,,,,,,,,,
3,Corporate Transactions,,,,,,,,,,,,,,,,,,
3,Government Requests,,,,,,,,,,,,,,,,,,
4,Fraud Prevention and Security,,,,,,,,,,,,,,,,,,
0,Our Platforms,,,,,,,,,,,,,,,,,,
0,AB 1584:,,,,,,,,,,,,,,,,,,
0,Certification,,,,,,,,,,,,,,,,,,
0,Partners,,,,,,,,,,,,,,,,,,
0,Membership,,,,,,,,,0,1. Grant of a Limited License.,,,,,,,,
6,2. No Ownership Rights.,,,,,,,,,,,,,,,,,,
0,3. Third-Party Software.,,,,,,,,,,,,,,,,,,
0,4. Third-Party Content.,,,,,,,,,,,,,,,,,,
6,5. Restrictions and Requirements. ,,,,,,,,,,,,,,,,,,
0,6. Modification and Order of Precedence.,,,,,,,,,,,,,,,,,,
1,7. Data Collection and Use.,,,,,,,,,,,,,,,,,,
0,8. Open Source.,,,,,,,,,,,,,,,,,,
11,9. Support,,,,,,,,,,,,,,,,,,
0,10. Termination,,,,,,,,,,,,,,,,,,
0,11. Additional Terms Incorporated by Reference.,,,,,,,,,,0,Information Collection and Use,,,,,,,
1,Log Data,,,,,,,,,,,,,,,,,,
2,Cookies,,,,,,,,,,,,,,,,,,
11,Service Providers,,,,,,,,,,,,,,,,,,
4,Security,,,,,,,,,,,,,,,,,,
0,Links to Other Sites,,,,,,,,,,,,,,,,,,
9,Changes to This Privacy Policy,,,,,,,,,,,,,,,,,,
11,Contact Us,,,,,,,,,,,0,Authorization of Use,,,,,,
1,Personal Information We Collect,,,,,,,,,,,,,,,,,,
13,How We Use Personal Information,,,,,,,,,,,,,,,,,,
2,"Cookies, Pixel Tags/Web Beacons and Similar Technologies",,,,,,,,,,,,,,,,,,
3,Disclosing Personal Information to Others,,,,,,,,,,,,,,,,,,
12,Retaining Personal Information,,,,,,,,,,,,,,,,,,
4,Protecting Collected Information,,,,,,,,,,,,,,,,,,
9,Notification of Changes,,,,,,,,,,,,,,,,,,
6,Your Rights and Choices,,,,,,,,,,,,,,,,,,
8,International Customers,,,,,,,,,,,,,,,,,,
0,Opting Out of Technologies,,,,,,,,,,,,0,Definitions,,,,,
1,Information Collection and Use,,,,,,,,,,,,,,,,,,
1,Types of Data Collected ,,,,,,,,,,,,,,,,,,
13,Usage Data ,,,,,,,,,,,,,,,,,,
2,Tracking & Cookies Data ,,,,,,,,,,,,,,,,,,
13,Use of Data ,,,,,,,,,,,,,,,,,,
8,Transfer of Data ,,,,,,,,,,,,,,,,,,
3,Disclosure of Data ,,,,,,,,,,,,,,,,,,
4,Security of Data ,,,,,,,,,,,,,,,,,,
11,Service Providers ,,,,,,,,,,,,,,,,,,
0,Links to Other Sites ,,,,,,,,,,,,,,,,,,
7,Children's Privacy,,,,,,,,,,,,,,,,,,
9,Changes to This Privacy Policy ,,,,,,,,,,,,,,,,,,
11,Contact Us,,,,,,,,,,,,,0,children under the age of 13,,,,
15,information we collect and how we collect it,,,,,,,,,,,,,,,,,,
13,how we use your information.,,,,,,,,,,,,,,,,,,
3,disclosure of your information,,,,,,,,,,,,,,,,,,
6,"your choices about our collection, use and disclosure of your information",,,,,,,,,,,,,,,,,,
8,your california privacy rights,,,,,,,,,,,,,,,,,,
4,data security,,,,,,,,,,,,,,,,,,
9,changes to our privacy policy,,,,,,,,,,,,,,,,,,
11,contact information,,,,,,,,,,,,,,,,,,
1,information you provide to us,,,,,,,,,,,,,,,,,,
1,automatic information collection and tracking,,,,,,,,,,,,,,,,,,
0,information collection and tracking technologies,,,,,,,,,,,,,,,,,,
1,Personal identification information,,,,,,,,,,,,,,,,,,
1,Non-personal identification information,,,,,,,,,,,,,,,,,,
2,Web browser cookies,,,,,,,,,,,,,,,,,,
13,How we use collected information,,,,,,,,,,,,,,,,,,
0,To run and operate our Site,,,,,,,,,,,,,,,,,,
3,Sharing your personal information,,,,,,,,,,,,,,,,,,
0,Electronic newsletters,,,,,,,,,,,,,,,,,,
0,Third party websites,,,,,,,,,,,,,,,,,,
9,Changes to this privacy policy,,,,,,,,,,,,,,,,,,
6,Your acceptance of these terms,,,,,,,,,,,,,,,,,,
11,Contacting us,,,,,,,,,,,,,,0, Collecting Personal Information ,,,
13,Using Information,,,,,,,,,,,,,,,,,,
4,Protecting Information,,,,,,,,,,,,,,,,,,
2,Web Browser Cookies,,,,,,,,,,,,,,,,,,
3,Sharing Information,,,,,,,,,,,,,,,,,,
0,Third-Party Websites ,,,,,,,,,,,,,,,,,,
6,Your Consent,,,,,,,,,,,,,,,0,PERSONAL INFORMATION WE COLLECT,,
4,HOW DO WE PROTECT YOUR DATA?,,,,,,,,,,,,,,,,,,
13,HOW DO WE USE YOUR PERSONAL INFORMATION?,,,,,,,,,,,,,,,,,,
3,SHARING YOUR PERSONAL INFORMATION,,,,,,,,,,,,,,,,,,
0,DO NOT TRACK,,,,,,,,,,,,,,,,,,
12,DATA RETENTION,,,,,,,,,,,,,,,,,,
9,CHANGES,,,,,,,,,,,,,,,,,,
11,CONTACT US,,,,,,,,,,,,,,,,0,,
13,What we do with the information we gather.,,,,,,,,,,,,,,,,,,
4,Security.,,,,,,,,,,,,,,,,,,
2,How we use cookies,,,,,,,,,,,,,,,,,,
0,Links to other websites,,,,,,,,,,,,,,,,,,
1,Controlling your personal information,,,,,,,,,,,,,,,,0,Privacy Policy,
1,Personal identification information,,,,,,,,,,,,,,,,,,
1,Non-personal identification information,,,,,,,,,,,,,,,,,,
2,Web browser cookies,,,,,,,,,,,,,,,,,,
13,How we use collected information,,,,,,,,,,,,,,,,,,
4,How we protect your information,,,,,,,,,,,,,,,,,,
3,Sharing your personal information,,,,,,,,,,,,,,,,,,
9,Changes to this privacy policy,,,,,,,,,,,,,,,,,,
6,Your acceptance of these terms,,,,,,,,,,,,,,,,,,
11,Contacting us,,,,,,,,,,,,,,,,,,
13,how the personal data is used,,,,,,,,,,,,,,,,,,
7,prarent's consent,,,,,,,,,,,,,,,,,0,BAMBOO LEARNING PRIVACY POLICY
0,OUR PRIVACY PRINCIPLES,,,,,,,,,,,,,,,,,,
13,WHY WE COLLECT PERSONAL INFORMATION,,,,,,,,,,,,,,,,,,
15,WHAT INFORMATION WE COLLECT AND WHEN WE COLLECT IT,,,,,,,,,,,,,,,,,,
3,HOW WE MAY SHARE INFORMATION WE COLLECT,,,,,,,,,,,,,,,,,,
6,YOUR COMMUNICATION CHOICES,,,,,,,,,,,,,,,,,,
0,INTEGRITY OF YOUR PERSONAL INFORMATION,,,,,,,,,,,,,,,,,,
7,CHILDREN,,,,,,,,,,,,,,,,,,
4,OUR COMPANYWIDE COMMITMENT TO YOUR PRIVACY,,,,,,,,,,,,,,,,,,
1,"What personal information do we collect from the people that visit our blog, website or app?",,,,,,,,,,,,,,,,,,
0,When do we collect information?,,,,,,,,,,,,,,,,,,
13,How do we use your information? ,,,,,,,,,,,,,,,,,,
4,How do we protect your information?,,,,,,,,,,,,,,,,,,
2,Do we use 'cookies'?,,,,,,,,,,,,,,,,,,
3,Third-party disclosure,,,,,,,,,,,,,,,,,,
3,Third-party links,,,,,,,,,,,,,,,,,,
0,Google,,,,,,,,,,,,,,,,,,
8,California Online Privacy Protection Act,,,,,,,,,,,,,,,,,,
0,How does our site handle Do Not Track signals?,,,,,,,,,,,,,,,,,,
0,Does our site allow third-party behavioral tracking?,,,,,,,,,,,,,,,,,,
7,COPPA (Children Online Privacy Protection Act),,,,,,,,,,,,,,,,,,
0,Fair Information Practices,,,,,,,,,,,,,,,,,,
0,"In order to be in line with Fair Information Practices we will take the following responsive action, should a data breach occur:",,,,,,,,,,,,,,,,,,
13,We collect your email address in order to:,,,,,,,,,,,,,,,,,,
11,Contacting Us,,,,,,,,,,,,,,,,,,
1,What information do we collect?,,,,,,,,,,,,,,,,,,
13,What do we use your information for?,,,,,,,,,,,,,,,,,,
2,Do we use cookies?,,,,,,,,,,,,,,,,,,
3,Do we disclose any information to outside parties?,,,,,,,,,,,,,,,,,,
4,Data protection,,,,,,,,,,,,,,,,,,
7,Parent's consent,,,,,,,,,,,,,,,,,,
11,Contact Us,,,,,,,,,,,,,,,,,,
1,What personal data we collect and why we collect it,,,,,,,,,,,,,,,,,,
3,Who we share your data with,,,,,,,,,,,,,,,,,,
12,How long we retain your data,,,,,,,,,,,,,,,,,,
6,What rights you have over your data,,,,,,,,,,,,,,,,,,
3,Where we send your data,,,,,,,,,,,,,,,,,,
0,Additional information,,,,,,,,,,,,,,,,,,
11,Contact information,,,,,,,,,,,,,,,,,,
0,Privacy Policy,,,,,,,,,,,,,,,,,,
15,Information Collection and Use,,,,,,,,,,,,,,,,,,
1,Log Data,,,,,,,,,,,,,,,,,,
4,Security,,,,,,,,,,,,,,,,,,
7,Children‚Äôs Privacy,,,,,,,,,,,,,,,,,,
9,Changes to This Privacy Policy,,,,,,,,,,,,,,,,,,
11,Contact Us,,,,,,,,,,,,,,,,,,
0,Essential definitions,,,,,,,,,,,,,,,,,,
15,About the collection AND USE of your Personal Data,,,,,,,,,,,,,,,,,,
12,HOW LONG DO WE SAVE YOUR PERSONAL DATA?,,,,,,,,,,,,,,,,,,
3,DO WE SHARE YOUR PERSONAL DATA?,,,,,,,,,,,,,,,,,,
4,How do WE SECURE YOUR PERSONAL DATA?,,,,,,,,,,,,,,,,,,
3,About international transfers of your Personal Data,,,,,,,,,,,,,,,,,,
6,Your rights as a Data Subject,,,,,,,,,,,,,,,,,,
9,Policy updates,,,,,,,,,,,,,,,,,,
1,Types of personal information we collect,,,,,,,,,,,,,,,,,,
1,Information you provide to us,,,,,,,,,,,,,,,,,,
1,Information we collect automatically,,,,,,,,,,,,,,,,,,
1,Information we collect from other sources,,,,,,,,,,,,,,,,,,
13,Use of information,,,,,,,,,,,,,,,,,,
3,Transfer of information to the U.S. and other countries,,,,,,,,,,,,,,,,,,
3,Sharing of information,,,,,,,,,,,,,,,,,,
3,Third party advertising and analytics services,,,,,,,,,,,,,,,,,,
4,Security,,,,,,,,,,,,,,,,,,
6,Your choices,,,,,,,,,,,,,,,,,,
1,Account information and access your information,,,,,,,,,,,,,,,,,,
2,Cookies,,,,,,,,,,,,,,,,,,
1,Location information,,,,,,,,,,,,,,,,,,
4,Security,,,,,,,,,,,,,,,,,,
9,How might this privacy notice be changed?,,,,,,,,,,,,,,,,,,
11,Contact information,,,,,,,,,,,,,,,,,,
15,Information Collection and Use,,,,,,,,,,,,,,,,,,
1,Log Data,,,,,,,,,,,,,,,,,,
2,Cookies,,,,,,,,,,,,,,,,,,
11,Service Providers,,,,,,,,,,,,,,,,,,
4,Security,,,,,,,,,,,,,,,,,,
3,Links to Other Sites,,,,,,,,,,,,,,,,,,
9,Changes to This Privacy Policy,,,,,,,,,,,,,,,,,,
11,Contact Us,,,,,,,,,,,,,,,,,,
13,purposes of processing your personal information,,,,,,,,,,,,,,,,,,
13,purposes of processing your personal information,,,,,,,,,,,,,,,,,,
13,purposes of processing your personal information,,,,,,,,,,,,,,,,,,
13,purposes of processing your personal information,,,,,,,,,,,,,,,,,,
1,Information Collection and Use,,,,,,,,,,,,,,,,,,
1,Log Data,,,,,,,,,,,,,,,,,,
2,Cookies,,,,,,,,,,,,,,,,,,
11,Service Providers,,,,,,,,,,,,,,,,,,
4,Security,,,,,,,,,,,,,,,,,,
0,Links to Other Sites,,,,,,,,,,,,,,,,,,
7,Children’s Privacy,,,,,,,,,,,,,,,,,,
9,Changes to This Privacy Policy,,,,,,,,,,,,,,,,,,
11,Contact Us,,,,,,,,,,,,,,,,,,
1,Information Collection And Use,,,,,,,,,,,,,,,,,,
1,Types of Data Collected,,,,,,,,,,,,,,,,,,
13,Use of Data,,,,,,,,,,,,,,,,,,
3,Transfer Of Data,,,,,,,,,,,,,,,,,,
3,Disclosure Of Data,,,,,,,,,,,,,,,,,,
4,Security Of Data,,,,,,,,,,,,,,,,,,
11,Service Providers,,,,,,,,,,,,,,,,,,
9,Changes To This Privacy Policy,,,,,,,,,,,,,,,,,,
11,Contact Us,,,,,,,,,,,,,,,,,,
9,Updates to this policy,,,,,,,,,,,,,,,,,,
0,Notice to Particle Employees and Contractors,,,,,,,,,,,,,,,,,,
8,Notice to California Residents,,,,,,,,,,,,,,,,,,
8,Notice to European Union Residents,,,,,,,,,,,,,,,,,,
2,Notice regarding use of Cookies,,,,,,,,,,,,,,,,,,
11,Contacting Particle’s Data Privacy Officer,,,,,,,,,,,,,,,,,,
0,Making a privacy request,,,,,,,,,,,,,,,,,,
6,Your rights in regards to personally identifiable information,,,,,,,,,,,,,,,,,,
12,Retention of information,,,,,,,,,,,,,,,,,,
3,Storage of and transfer of personally identifiable information,,,,,,,,,,,,,,,,,,
4,Security of personally identifiable information,,,,,,,,,,,,,,,,,,
0,Responding to legal requests for information,,,,,,,,,,,,,,,,,,
4,Disclosure of personal information,,,,,,,,,,,,,,,,,,
10,How Particle collects personally identifiable information,,,,,,,,,,,,,,,,,,
1,Types of personally identifiable information collected,,,,,,,,,,,,,,,,,,
1,Legal basis for collection of personally identifiable information,,,,,,,,,,,,,,,,,,
0,Overview,,,,,,,,,,,,,,,,,,
1,Types of Information We Collect,,,,,,,,,,,,,,,,,,
10,How We Collect Information,,,,,,,,,,,,,,,,,,
13,How We Use the Information We Collect,,,,,,,,,,,,,,,,,,
3,How We Share Your Personal Information,,,,,,,,,,,,,,,,,,
4,Security of your personal information,,,,,,,,,,,,,,,,,,
7,Children’s information,,,,,,,,,,,,,,,,,,
9,Changes to this statement,,,,,,,,,,,,,,,,,,
11,Contact information,,,,,,,,,,,,,,,,,,
6,Foreign Rights - Your rights to your information,,,,,,,,,,,,,,,,,,
7,Privacy Statement for California Residents,,,,,,,,,,,,,,,,,,
1,"Information Collection, Use, and Deletion",,,,,,,,,,,,,,,,,,
1,Log Data,,,,,,,,,,,,,,,,,,
2,Cookies,,,,,,,,,,,,,,,,,,
11,Service Providers,,,,,,,,,,,,,,,,,,
4,Security,,,,,,,,,,,,,,,,,,
0,Links to Other Sites,,,,,,,,,,,,,,,,,,
7,Children’s Privacy,,,,,,,,,,,,,,,,,,
9,Changes to This Privacy Policy,,,,,,,,,,,,,,,,,,
11,Contact Us,,,,,,,,,,,,,,,,,,
1,1. What personal data we will process,,,,,,,,,,,,,,,,,,
13,2. For what purposes do we use personal data and on what legal basis,,,,,,,,,,,,,,,,,,
3,3. Who has access to your personal data,,,,,,,,,,,,,,,,,,
12,4. Period for which we will process your personal data,,,,,,,,,,,,,,,,,,
4,5. How we secure your personal data,,,,,,,,,,,,,,,,,,
0,About this document,,,,,,,,,,,,,,,,,,
0,Principles,,,,,,,,,,,,,,,,,,
13,How we use your data,,,,,,,,,,,,,,,,,,
3,Data sharing,,,,,,,,,,,,,,,,,,
13,Why are we collecting personal information?,,,,,,,,,,,,,,,,,,
1,What personal information do we collect?,,,,,,,,,,,,,,,,,,
13,On what grounds do we process data?,,,,,,,,,,,,,,,,,,
3,Who receives your personal information?,,,,,,,,,,,,,,,,,,
4,Where is your personal data processed?,,,,,,,,,,,,,,,,,,
13,How is your data processed?,,,,,,,,,,,,,,,,,,
12,How long is the data kept?,,,,,,,,,,,,,,,,,,
6,What rights do I have?,,,,,,,,,,,,,,,,,,
6,How do I request data deletion?,,,,,,,,,,,,,,,,,,
6,How do I request data correction?,,,,,,,,,,,,,,,,,,
6,How do I request data access?,,,,,,,,,,,,,,,,,,
6,How can I export my data?,,,,,,,,,,,,,,,,,,
0,In-app payment,,,,,,,,,,,,,,,,,,
1,1.1.   Personal Information,,,,,,,,,,,,,,,,,,
1,1.2.   Non-Personal Information,,,,,,,,,,,,,,,,,,
1,1.4.   Customer Service Communications Information,,,,,,,,,,,,,,,,,,
0,1.5.   Other Information,,,,,,,,,,,,,,,,,,
1,2.     Mode of Collection of Information,,,,,,,,,,,,,,,,,,
13,3.     Use of Information,,,,,,,,,,,,,,,,,,
2,4.     Cookies and Tracking Technology,,,,,,,,,,,,,,,,,,
0,5.     Links to other websites,,,,,,,,,,,,,,,,,,
4,6.     Data Security,,,,,,,,,,,,,,,,,,
6,7.     Obligations of visitors/customers/users,,,,,,,,,,,,,,,,,,
6,10.  Your Consent,,,,,,,,,,,,,,,,,,
9,11.  Changes to this Policy,,,,,,,,,,,,,,,,,,
11,Our Contact Information,,,,,,,,,,,,,,,,,,
1,"
Personal Information Protection Principles",,,,,,,,,,,,,,,,,,
13,2. Identifying Purposes,,,,,,,,,,,,,,,,,,
0,1. Accountability,,,,,,,,,,,,,,,,,,
0,"
5. Accuracy",,,,,,,,,,,,,,,,,,
6,"
8. Individual Access",,,,,,,,,,,,,,,,,,
1,INFORMATION WE COLLECT AND HOW WE USE IT,,,,,,,,,,,,,,,,,,
3,PARTICIPATING MERCHANT AND THIRD-PARTY VENDOR POLICIES,,,,,,,,,,,,,,,,,,
7,UNDER 13 POLICY,,,,,,,,,,,,,,,,,,
9,CHANGES TO THIS PRIVACY POLICY,,,,,,,,,,,,,,,,,,
11,CONTACT US,,,,,,,,,,,,,,,,,,
1,NOTICE ON DISCLOSURE OF USER PERSONAL INFORMATION,,,,,,,,,,,,,,,,,,
11,Contact Us,,,,,,,,,,,,,,,,,,
9,Changes to This Privacy Policy,,,,,,,,,,,,,,,,,,
7,Children’s Privacy,,,,,,,,,,,,,,,,,,
4,Security,,,,,,,,,,,,,,,,,,
2,Cookies,,,,,,,,,,,,,,,,,,
1,Log Data,,,,,,,,,,,,,,,,,,
1,Information Collection and Use,,,,,,,,,,,,,,,,,,
0,"Privacy Compliance Certification
",,,,,,,,,,,,,,,,,,
1,Collection of your Personal Information,,,,,,,,,,,,,,,,,,
13,Use of your Personal Information,,,,,,,,,,,,,,,,,,
3,Sharing Information with Third Parties,,,,,,,,,,,,,,,,,,
1,Automatically Collected Information,,,,,,,,,,,,,,,,,,
4,Security of your Personal Information,,,,,,,,,,,,,,,,,,
7,Children Under Thirteen,,,,,,,,,,,,,,,,,,
13,E-mail Communications,,,,,,,,,,,,,,,,,,
1,1. Information We Collects,,,,,,,,,,,,,,,,,,
2,Cookies and Other Web Technologies,,,,,,,,,,,,,,,,,,
3,Collection of Your Personal Information by Third-Party Services,,,,,,,,,,,,,,,,,,
3,We Are Not Responsible for Content on Third Party Websites,,,,,,,,,,,,,,,,,,
13,"We May Use and Disclose Your Personal Information to Provide, Improve, and Promote Our Services",,,,,,,,,,,,,,,,,,
13,We May Use and Disclose Your Information for Our Protection and the Protection of Others,,,,,,,,,,,,,,,,,,
6,"You May Access, Modify, and Rectify Your Information",,,,,,,,,,,,,,,,,,
0,Your Account May Deleted Upon Your Request,,,,,,,,,,,,,,,,,,
6,9. Communications and Opt-Out (Right to Object to Processing),,,,,,,,,,,,,,,,,,
3,10. International Transfer,,,,,,,,,,,,,,,,,,
4,11. We Take Security Seriously,,,,,,,,,,,,,,,,,,
6,12. You Are Responsible for Maintaining the Accuracy and Confidentiality of Your Email Address and Password,,,,,,,,,,,,,,,,,,
9,13. We Post Updates on Our Website Whenever This Policy Changes,,,,,,,,,,,,,,,,,,
7,14. Our Policy Toward Children,,,,,,,,,,,,,,,,,,
11,15. Contact Us if You Have Any Questions or Concerns,,,,,,,,,,,,,,,,,,
1,Information and Uses,,,,,,,,,,,,,,,,,,
1,Information Placed on Your Computer,,,,,,,,,,,,,,,,,,
7,Information From Children,,,,,,,,,,,,,,,,,,
0,Hyperlinks,,,,,,,,,,,,,,,,,,
3,Dissemination of Information to Third Parties,,,,,,,,,,,,,,,,,,
6,Opt Out/Modify Information,,,,,,,,,,,,,,,,,,
0,"Conditions of Use, Notices and Revisions",,,,,,,,,,,,,,,,,,
3,Data Transfers,,,,,,,,,,,,,,,,,,
9,Updates to this Privacy Policy,,,,,,,,,,,,,,,,,,
13,Management of Personal Information,,,,,,,,,,,,,,,,,,
8,Your California Privacy Rights,,,,,,,,,,,,,,,,,,
0,Contacting Just Energy,,,,,,,,,,,,,,,,,,
0,Who we are,,,,,,,,,,,,,,,,,,
1,What personal information we collect,,,,,,,,,,,,,,,,,,
3,Sharing data with third-parties,,,,,,,,,,,,,,,,,,
12,How long we keep it,,,,,,,,,,,,,,,,,,
6,Right to be forgotten,,,,,,,,,,,,,,,,,,
8,Your Califonia Privacy Rights,,,,,,,,,,,,,,,,,,
1,Log Files,,,,,,,,,,,,,,,,,,
2,Cookies and Web Beacons,,,,,,,,,,,,,,,,,,
2,DoubleClick DART cookies,,,,,,,,,,,,,,,,,,
3,Third party links,,,,,,,,,,,,,,,,,,
7,Childrens Online Privacy Protection Act Compliance,,,,,,,,,,,,,,,,,,
6,Your Consent,,,,,,,,,,,,,,,,,,
0,Overview,,,,,,,,,,,,,,,,,,
0,Scope,,,,,,,,,,,,,,,,,,
0,Particle’s Role,,,,,,,,,,,,,,,,,,
1,Legal basis for collection of personally identifiable information,,,,,,,,,,,,,,,,,,
1,Types of personally identifiable information collected,,,,,,,,,,,,,,,,,,
10,How Particle collects personally identifiable information,,,,,,,,,,,,,,,,,,
3,Disclosure of personal information,,,,,,,,,,,,,,,,,,
13,Responding to legal requests for information,,,,,,,,,,,,,,,,,,
4,Security of personally identifiable information,,,,,,,,,,,,,,,,,,
3,Storage of and transfer of personally identifiable information,,,,,,,,,,,,,,,,,,
12,Retention of information,,,,,,,,,,,,,,,,,,
6,Your rights in regards to personally identifiable information,,,,,,,,,,,,,,,,,,
0,Making a privacy request,,,,,,,,,,,,,,,,,,
0,Contacting Particle’s Data Privacy Officer,,,,,,,,,,,,,,,,,,
2,Notice regarding use of Cookies,,,,,,,,,,,,,,,,,,
8,Notice to European Union Residents,,,,,,,,,,,,,,,,,,
8,Notice to California Residents,,,,,,,,,,,,,,,,,,
0,Notice to Particle Employees and Contractors,,,,,,,,,,,,,,,,,,
9,Updates to this policy,,,,,,,,,,,,,,,,,,
1,What Information Do We Collect About You?,,,,,,,,,,,,,,,,,,
10,How Do We Use Your Information?,,,,,,,,,,,,,,,,,,
3,How We Share the Information We Collect About You?,,,,,,,,,,,,,,,,,,
3,Third Party Links and Applications,,,,,,,,,,,,,,,,,,
4,How Secure Is Information About Me?,,,,,,,,,,,,,,,,,,
6,Can I Access and Modify My Personal Information?,,,,,,,,,,,,,,,,,,
6,What Choices Do I Have?,,,,,,,,,,,,,,,,,,
11,How to Contact Us About Privacy,,,,,,,,,,,,,,,,,,
9,Changes to this Policy,,,,,,,,,,,,,,,,,,
1,1. Information Collection and Use,,,,,,,,,,,,,,,,,,
1,2. Log Data,,,,,,,,,,,,,,,,,,
2,3. Cookies,,,,,,,,,,,,,,,,,,
4,4. Service Providers,,,,,,,,,,,,,,,,,,
4,5. Security,,,,,,,,,,,,,,,,,,
0,6. Links to Other Sites,,,,,,,,,,,,,,,,,,
7,7. Children’s Privacy,,,,,,,,,,,,,,,,,,
9,Changes to This Privacy Policy,,,,,,,,,,,,,,,,,,
1,What We Collect and How We Collect It,,,,,,,,,,,,,,,,,,
13,How We Use It (EU Considerations),,,,,,,,,,,,,,,,,,
4,How We Keep It and Protect It,,,,,,,,,,,,,,,,,,
6,Your Rights Generally,,,,,,,,,,,,,,,,,,
8,California Residents,,,,,,,,,,,,,,,,,,
8,Canada Residents,,,,,,,,,,,,,,,,,,
7,Children,,,,,,,,,,,,,,,,,,
8,EU Citizens,,,,,,,,,,,,,,,,,,
11,Contact,,,,,,,,,,,,,,,,,,
2,Cookies,,,,,,,,,,,,,,,,,,
0,1 - WHO WE ARE AND THE APPLICATION OF THIS PRIVACY NOTICE,,,,,,,,,,,,,,,,,,
4,2 - DATA PROTECTION PRINCIPLES,,,,,,,,,,,,,,,,,,
1,3 - WHAT PERSONAL DATA DO WE COLLECT AND HOW DO WE COLLECT IT?,,,,,,,,,,,,,,,,,,
13,4 - HOW WE USE YOUR PERSONAL DATA,,,,,,,,,,,,,,,,,,
3,5 - IS DATA COLLECTED SHARED WITH OR COLLECTED BY THIRD PARTIES,,,,,,,,,,,,,,,,,,
10,7 - HOW LONG IS YOUR PERSONAL DATA RETAINED?,,,,,,,,,,,,,,,,,,
0,8 - IS CORRESPONDENCE THAT YOU SEND TO US SAVED?,,,,,,,,,,,,,,,,,,
4,9 - DATA SECURITY,,,,,,,,,,,,,,,,,,
3,10 - DOES THIS PRIVACY NOTICE APPLY TO OTHER WEBSITES?,,,,,,,,,,,,,,,,,,
0,11 - DIRECT MARKETING BY XE OR XE COMPANIES,,,,,,,,,,,,,,,,,,
0,12 - PROFILING,,,,,,,,,,,,,,,,,,
6,13 - WHAT ARE MY DATA PROTECTION RIGHTS?,,,,,,,,,,,,,,,,,,
0,14 - PRIVACY COMPLAINTS PROCEDURE,,,,,,,,,,,,,,,,,,
11,15 - CONTACT US,,,,,,,,,,,,,,,,,,
10,How we collect Personally Identifying Information,,,,,,,,,,,,,,,,,,
4,Security,,,,,,,,,,,,,,,,,,
0,Website Visitors,,,,,,,,,,,,,,,,,,
5,Advertisements,,,,,,,,,,,,,,,,,,
0,Links To External Sites,,,,,,,,,,,,,,,,,,
0,Faretrotter uses Google AdWords for remarketing,,,,,,,,,,,,,,,,,,
4,Protection of Certain Personally-Identifying Information,,,,,,,,,,,,,,,,,,
6,Removal of Personally Identifying Information,,,,,,,,,,,,,,,,,,
0,Aggregated Statistics,,,,,,,,,,,,,,,,,,
0,Affiliate Disclosure,,,,,,,,,,,,,,,,,,
2,Cookies,,,,,,,,,,,,,,,,,,
9,Privacy Policy Changes,,,,,,,,,,,,,,,,,,
1,USER PROVIDED INFORMATION,,,,,,,,,,,,,,,,,,
1,AUTOMATICALLY COLLECTED INFORMATION,,,,,,,,,,,,,,,,,,
1,DOES THE APPLICATION COLLECT PRECISE REAL TIME LOCATION INFORMATION OF THE AMAZON DEVICE?,,,,,,,,,,,,,,,,,,
3,DO THIRD PARTIES SEE AND/OR HAVE ACCESS TO INFORMATION OBTAINED BY THE APPLICATION?,,,,,,,,,,,,,,,,,,
6,WHAT ARE MY OPT-OUT RIGHTS?,,,,,,,,,,,,,,,,,,
12,"DATA RETENTION POLICY, MANAGING YOUR INFORMATION",,,,,,,,,,,,,,,,,,
4,SECURITY,,,,,,,,,,,,,,,,,,
9,CHANGES,,,,,,,,,,,,,,,,,,
6,YOUR CONSENT,,,,,,,,,,,,,,,,,,
11,CONTACT US,,,,,,,,,,,,,,,,,,
0,OVERVIEW,,,,,,,,,,,,,,,,,,
1,INFORMATION WE COLLECT AND USE,,,,,,,,,,,,,,,,,,
13,HOW WE USE YOUR INFORMATION,,,,,,,,,,,,,,,,,,
3,HOW WE SHARE YOUR INFORMATION,,,,,,,,,,,,,,,,,,
11,HOW WE STORE AND PROTECT YOUR,,,,,,,,,,,,,,,,,,
2,COOKIES,,,,,,,,,,,,,,,,,,
6,YOUR CHOICES AND RIGHTS,,,,,,,,,,,,,,,,,,
3,INTERNATIONAL TRANSFERS OF INFORMATION,,,,,,,,,,,,,,,,,,
0,LINKS TO OTHER,,,,,,,,,,,,,,,,,,
7,CHILDREN,,,,,,,,,,,,,,,,,,
9,CHANGES TO THIS POLICY,,,,,,,,,,,,,,,,,,
11,HOW TO CONTACT US,,,,,,,,,,,,,,,,,,
2,COOKIES AND INTEREST-BASED ADVERTISING POLICY,,,,,,,,,,,,,,,,,,
1,What information is gathered about you and how do We use it?,,,,,,,,,,,,,,,,,,
3,Will We disclose any of your personal information?,,,,,,,,,,,,,,,,,,
0,What else should you know about your privacy?,,,,,,,,,,,,,,,,,,
7,Children’s Privacy Statement,,,,,,,,,,,,,,,,,,
6,Questions Regarding Privacy and Data Deletion,,,,,,,,,,,,,,,,,,
1,What We Collect and How We Collect It,,,,,,,,,,,,,,,,,,
13,How We Use It (EU Considerations),,,,,,,,,,,,,,,,,,
4,How We Keep It and Protect It,,,,,,,,,,,,,,,,,,
6,Your Rights Generally,,,,,,,,,,,,,,,,,,
8,California Residents,,,,,,,,,,,,,,,,,,
8,Canada Residents,,,,,,,,,,,,,,,,,,
7,Children,,,,,,,,,,,,,,,,,,
8,EU Citizens,,,,,,,,,,,,,,,,,,
11,Contact,,,,,,,,,,,,,,,,,,
2,Cookies,,,,,,,,,,,,,,,,,,
1,WHAT TYPES OF PERSONAL INFORMATION DOES FLEXJET COLLECT?,,,,,,,,,,,,,,,,,,
2,HOW DOES FLEXJET USE COOKIES?,,,,,,,,,,,,,,,,,,
13,HOW DOES FLEXJET USE MY PERSONAL INFORMATION?,,,,,,,,,,,,,,,,,,
3,HOW DOES FLEXJET SHARE MY PERSONAL INFORMATION?,,,,,,,,,,,,,,,,,,
4,HOW DOES FLEXJET PROTECT MY PERSONAL INFORMATION?,,,,,,,,,,,,,,,,,,
12,HOW DOES FLEXJET STORE MY PERSONAL INFORMATION?,,,,,,,,,,,,,,,,,,
6,HOW DO I ACCESS AND CORRECT THE INFORMATION FLEXJET HAS RECEIVED FROM ME?,,,,,,,,,,,,,,,,,,
6,HOW CAN I CHANGE THE WAY FLEXJET COLLECTS AND USES MY INFORMATION?,,,,,,,,,,,,,,,,,,
8,CALIFORNIA RESIDENTS,,,,,,,,,,,,,,,,,,
1,"What personal information do we collect from the people that visit our blog, website or app?",,,,,,,,,,,,,,,,,,
10,When do we collect information?,,,,,,,,,,,,,,,,,,
13,How do we use your information?,,,,,,,,,,,,,,,,,,
4,How do we protect your information?,,,,,,,,,,,,,,,,,,
2,Do we use 'cookies'?,,,,,,,,,,,,,,,,,,
3,Third-party disclosure,,,,,,,,,,,,,,,,,,
0,Third-party links,,,,,,,,,,,,,,,,,,
0,Google,,,,,,,,,,,,,,,,,,
0,We have implemented the following:,,,,,,,,,,,,,,,,,,
1,Information We Collect,,,,,,,,,,,,,,,,,,
1,Information You May Provide,,,,,,,,,,,,,,,,,,
0,Skyharbor.com Privacy Statement,,,,,,,,,,,,,,,,,,
2,Use of Cookies,,,,,,,,,,,,,,,,,,
2,Third Party Cookies,,,,,,,,,,,,,,,,,,
3,Information Disclosure,,,,,,,,,,,,,,,,,,
0,External Link Disclaimer,,,,,,,,,,,,,,,,,,
2,Translation Widget Disclaimer,,,,,,,,,,,,,,,,,,
0,PLEASE READ THIS DISCLAIMER CAREFULLY BEFORE USING THE SERVICE.,,,,,,,,,,,,,,,,,,
0,Weather Disclaimer,,,,,,,,,,,,,,,,,,
0,Map Disclaimer,,,,,,,,,,,,,,,,,,
0,iMap Disclaimer,,,,,,,,,,,,,,,,,,
0,Open Data Portal,,,,,,,,,,,,,,,,,,
0,For More Information,,,,,,,,,,,,,,,,,,
1,1. WHAT INFORMATION DO WE COLLECT?  ,,,,,,,,,,,,,,,,,,
13,2. HOW DO WE USE YOUR INFORMATION?  ,,,,,,,,,,,,,,,,,,
3,3. WILL YOUR INFORMATION BE SHARED WITH ANYONE?  ,,,,,,,,,,,,,,,,,,
2,4. DO WE USE COOKIES AND OTHER TRACKING TECHNOLOGIES?  ,,,,,,,,,,,,,,,,,,
0,5. DO WE USE GOOGLE MAPS?  ,,,,,,,,,,,,,,,,,,
13,6. HOW DO WE HANDLE YOUR SOCIAL LOGINS?  ,,,,,,,,,,,,,,,,,,
3,7. WHAT IS OUR STANCE ON THIRD-PARTY WEBSITES?,,,,,,,,,,,,,,,,,,
12,8. HOW LONG DO WE KEEP YOUR INFORMATION?,,,,,,,,,,,,,,,,,,
3,9. HOW DO WE KEEP YOUR INFORMATION SAFE?,,,,,,,,,,,,,,,,,,
1,10. DO WE COLLECT INFORMATION FROM MINORS?,,,,,,,,,,,,,,,,,,
6,11. WHAT ARE YOUR PRIVACY RIGHTS?,,,,,,,,,,,,,,,,,,
1,"What personal information do we collect from the people that visit our blog, website or app?",,,,,,,,,,,,,,,,,,
10,When do we collect information?,,,,,,,,,,,,,,,,,,
13,How do we use your information?,,,,,,,,,,,,,,,,,,
4,How do we protect your information?,,,,,,,,,,,,,,,,,,
2,Do we use 'cookies'?,,,,,,,,,,,,,,,,,,
3,Third-party disclosure,,,,,,,,,,,,,,,,,,
0,Third-party links,,,,,,,,,,,,,,,,,,
7,COPPA (Children Online Privacy Protection Act),,,,,,,,,,,,,,,,,,
0,Fair Information Practices,,,,,,,,,,,,,,,,,,
0,CAN SPAM Act,,,,,,,,,,,,,,,,,,
11,Contacting Us,,,,,,,,,,,,,,,,,,
1,"What personal information do we collect from the people that visit our blog, website or app?",,,,,,,,,,,,,,,,,,
10,When do we collect information?,,,,,,,,,,,,,,,,,,
13,How do we use your information?,,,,,,,,,,,,,,,,,,
4,How do we protect your information?,,,,,,,,,,,,,,,,,,
2,Do we use 'cookies'?,,,,,,,,,,,,,,,,,,
3,Third-party disclosure,,,,,,,,,,,,,,,,,,
0,Third-party links,,,,,,,,,,,,,,,,,,
0,Google,,,,,,,,,,,,,,,,,,
0,We have implemented the following:,,,,,,,,,,,,,,,,,,
0,Opting out:,,,,,,,,,,,,,,,,,,
7,COPPA (Children Online Privacy Protection Act),,,,,,,,,,,,,,,,,,
0,CAN SPAM Act,,,,,,,,,,,,,,,,,,
11,Contacting Us,,,,,,,,,,,,,,,,,,
0,Some terms that we use in this Privacy Policy,,,,,,,,,,,,,,,,,,
1,What Personal Data do we collect?,,,,,,,,,,,,,,,,,,
13,For what purposes do we use your Personal Data?,,,,,,,,,,,,,,,,,,
3,Who do we share your Personal Data with and why?,,,,,,,,,,,,,,,,,,
12,How long do we store your Personal Data?,,,,,,,,,,,,,,,,,,
10,How to access and control your Personal Data?,,,,,,,,,,,,,,,,,,
2,Cookies & Similar technology,,,,,,,,,,,,,,,,,,
3,Transferring your data outside of the European Economic Area,,,,,,,,,,,,,,,,,,
0,Complaint with the supervisory authority,,,,,,,,,,,,,,,,,,
11,Contacting us and exercising your rights,,,,,,,,,,,,,,,,,,
8,Specifics for residents of selected countries,,,,,,,,,,,,,,,,,,
4,Data Protection Officer,,,,,,,,,,,,,,,,,,
9,Changes to this Privacy Policy,,,,,,,,,,,,,,,,,,
1,What information do the Applications obtain and how is it used?,,,,,,,,,,,,,,,,,,
3,Do third parties see and/or have access to information obtained by the Applications?,,,,,,,,,,,,,,,,,,
6,What are my opt-out rights?,,,,,,,,,,,,,,,,,,
12,"Data Retention Policy, Managing Your Information",,,,,,,,,,,,,,,,,,
7,Children,,,,,,,,,,,,,,,,,,
4,Security,,,,,,,,,,,,,,,,,,
9,Changes,,,,,,,,,,,,,,,,,,
6,Your Consent,,,,,,,,,,,,,,,,,,
11,Contact us,,,,,,,,,,,,,,,,,,
1,What personal information we collect,,,,,,,,,,,,,,,,,,
13,"What we use personal data for, why and for how long",,,,,,,,,,,,,,,,,,
4,Security of personal data,,,,,,,,,,,,,,,,,,
2,Cookies and site tracking,,,,,,,,,,,,,,,,,,
6,Rights of the Data Subject,,,,,,,,,,,,,,,,,,
1,Personal identification information,,,,,,,,,,,,,,,,,,
1,Non-personal identification information,,,,,,,,,,,,,,,,,,
2,Web browser cookies,,,,,,,,,,,,,,,,,,
13,How we use collected information,,,,,,,,,,,,,,,,,,
4,How we protect your information,,,,,,,,,,,,,,,,,,
3,Sharing your personal information,,,,,,,,,,,,,,,,,,
8,For European Economic Area Residents,,,,,,,,,,,,,,,,,,
8,For California Residents,,,,,,,,,,,,,,,,,,
11,Contacting us,,,,,,,,,,,,,,,,,,
1,Types of Information We Collect,,,,,,,,,,,,,,,,,,
10,How We Collect Information,,,,,,,,,,,,,,,,,,
13,How We Use the Information We Collect,,,,,,,,,,,,,,,,,,
3,How We Share Your Personal Information,,,,,,,,,,,,,,,,,,
4,Security of your personal information,,,,,,,,,,,,,,,,,,
7,Children’s information,,,,,,,,,,,,,,,,,,
9,Changes to this statement,,,,,,,,,,,,,,,,,,
11,Contact information,,,,,,,,,,,,,,,,,,
6,Foreign Rights - Your rights to your information,,,,,,,,,,,,,,,,,,
8,Privacy Statement for California Residents,,,,,,,,,,,,,,,,,,
1,No Personal Information Collected,,,,,,,,,,,,,,,,,,
13,Usage and Diagnostic Data,,,,,,,,,,,,,,,,,,
0,No Social Media Integration,,,,,,,,,,,,,,,,,,
0,No Ads,,,,,,,,,,,,,,,,,,
0,In-App-Purchase,,,,,,,,,,,,,,,,,,
0,No Push Notifications,,,,,,,,,,,,,,,,,,
0,No Internet Connection Required,,,,,,,,,,,,,,,,,,
0,External Links,,,,,,,,,,,,,,,,,,
0,"Privacy Policy for RWH Technology, LLC Web Site",,,,,,,,,,,,,,,,,,
1,Collection and Use of Information,,,,,,,,,,,,,,,,,,
3,Sharing of Information,,,,,,,,,,,,,,,,,,
13,User Access,,,,,,,,,,,,,,,,,,
7,Age Restriction,,,,,,,,,,,,,,,,,,
9,Changes to this Privacy Policy,,,,,,,,,,,,,,,,,,
0,Privacy Contact,,,,,,,,,,,,,,,,,,
9,Changes to This Policy,,,,,,,,,,,,,,,,,,
0,Who We Are,,,,,,,,,,,,,,,,,,
0,How This Policy Applies,,,,,,,,,,,,,,,,,,
1,What We Collect and Receive,,,,,,,,,,,,,,,,,,
13,How We Use This Information,,,,,,,,,,,,,,,,,,
8,European Union Users,,,,,,,,,,,,,,,,,,
3,How This Information Is Shared,,,,,,,,,,,,,,,,,,
12,Retention,,,,,,,,,,,,,,,,,,
3,Data Transfers,,,,,,,,,,,,,,,,,,
6,Your Rights,,,,,,,,,,,,,,,,,,
4,Security,,,,,,,,,,,,,,,,,,
2,Cookies and other Technologies,,,,,,,,,,,,,,,,,,
4,Data Protection Officer,,,,,,,,,,,,,,,,,,
4,Data Protection Authority,,,,,,,,,,,,,,,,,,
7,Children,,,,,,,,,,,,,,,,,,
0,Scope & Application,,,,,,,,,,,,,,,,,,
1,Collection of Information,,,,,,,,,,,,,,,,,,
13,Use of Information,,,,,,,,,,,,,,,,,,
3,Sharing of Information,,,,,,,,,,,,,,,,,,
8,Your California Privacy Rights,,,,,,,,,,,,,,,,,,
2,Cookies and Other Identification Technologies,,,,,,,,,,,,,,,,,,
7,Use of Information from Individuals Under 18 Year of Age,,,,,,,,,,,,,,,,,,
9,Changes to the Policy,,,,,,,,,,,,,,,,,,
11,Contact Us,,,,,,,,,,,,,,,,,,
1,Gathering of Personally-Identifying Information,,,,,,,,,,,,,,,,,,
1,Information We Collect from Other Sources,,,,,,,,,,,,,,,,,,
12,Data Retention Policy,,,,,,,,,,,,,,,,,,
1,Log Data,,,,,,,,,,,,,,,,,,
9,Privacy Policy Changes,,,,,,,,,,,,,,,,,,
1,Personal Data Collected,,,,,,,,,,,,,,,,,,
0,Company SAP Concur Account,,,,,,,,,,,,,,,,,,
3,Third-Party Connected Services,,,,,,,,,,,,,,,,,,
0,Connecting Your Email and Reward Accounts,,,,,,,,,,,,,,,,,,
2,"Cookies, Analytics, and Tracking",,,,,,,,,,,,,,,,,,
11,Contacts,,,,,,,,,,,,,,,,,,
1,Location Data,,,,,,,,,,,,,,,,,,
13,How Personal Data Is Used,,,,,,,,,,,,,,,,,,
6,Choices You Have Regarding Personal Data,,,,,,,,,,,,,,,,,,
3,How TripIt Shares Personal Data,,,,,,,,,,,,,,,,,,
3,How Personal Data May Be Transferred to the United States,,,,,,,,,,,,,,,,,,
6,Rights for Certain Users,,,,,,,,,,,,,,,,,,
12,Security and Retention of Personal Data,,,,,,,,,,,,,,,,,,
9,Updates and Questions,,,,,,,,,,,,,,,,,,
3,Translations of this Policy,,,,,,,,,,,,,,,,,,
4,1. User Provided Information,,,,,,,,,,,,,,,,,,
1,2. Automatic Data Collection,,,,,,,,,,,,,,,,,,
1,3. Automatic Data Collection and Advertising,,,,,,,,,,,,,,,,,,
3,4. How We Share Your Information,,,,,,,,,,,,,,,,,,
0,5. Opt-Out Procedures,,,,,,,,,,,,,,,,,,
12,6. Data Retention Policy,,,,,,,,,,,,,,,,,,
7,7. Children’s Privacy,,,,,,,,,,,,,,,,,,
4,8. Security,,,,,,,,,,,,,,,,,,
6,9. Your Consent,,,,,,,,,,,,,,,,,,
9,11. Changes to This Privacy Policy,,,,,,,,,,,,,,,,,,
0,12. Notification Procedures,,,,,,,,,,,,,,,,,,
3,13. Cross-Border Data Transfers,,,,,,,,,,,,,,,,,,
0,14. Contact Information,,,,,,,,,,,,,,,,,,
0,Use of Web Site Agreement,,,,,,,,,,,,,,,,,,
1,Information We Collect,,,,,,,,,,,,,,,,,,
13,Use of Your Information,,,,,,,,,,,,,,,,,,
3,Disclosure of Your Information,,,,,,,,,,,,,,,,,,
6,EU Data Subject Rights,,,,,,,,,,,,,,,,,,
4,Security of Personal Information,,,,,,,,,,,,,,,,,,
0,Viewing and Updating Your Information,,,,,,,,,,,,,,,,,,
0,Email Communication from LVCVA,,,,,,,,,,,,,,,,,,
3,Transmission of Information,,,,,,,,,,,,,,,,,,
0,Third-party Links and Content,,,,,,,,,,,,,,,,,,
4,Security,,,,,,,,,,,,,,,,,,
0,Limitation of Warranty and Liability,,,,,,,,,,,,,,,,,,
0,Indemnification,,,,,,,,,,,,,,,,,,
7,Children Under 13,,,,,,,,,,,,,,,,,,
8,California Resident Rights,,,,,,,,,,,,,,,,,,
12,Data retention,,,,,,,,,,,,,,,,,,
0,Modification of Terms and Conditions,,,,,,,,,,,,,,,,,,
11,Contacting Us,,,,,,,,,,,,,,,,,,
1,Information Collection And Use,,,,,,,,,,,,,,,,,,
13,Use of Data,,,,,,,,,,,,,,,,,,
3,Transfer Of Data,,,,,,,,,,,,,,,,,,
3,Disclosure Of Data,,,,,,,,,,,,,,,,,,
4,Security Of Data,,,,,,,,,,,,,,,,,,
11,Service Providers,,,,,,,,,,,,,,,,,,
0,Links To Other Sites,,,,,,,,,,,,,,,,,,
7,Children’s Privacy,,,,,,,,,,,,,,,,,,
9,Changes To This Privacy Policy,,,,,,,,,,,,,,,,,,
11,Contact Us,,,,,,,,,,,,,,,,,,
0,Who we are.,,,,,,,,,,,,,,,,,,
0,Who this policy applies to.,,,,,,,,,,,,,,,,,,
1,What information we collect.,,,,,,,,,,,,,,,,,,
10,How we collect information.,,,,,,,,,,,,,,,,,,
13,How we use the information collected.,,,,,,,,,,,,,,,,,,
3,What information we share with third parties.,,,,,,,,,,,,,,,,,,
0,The use of tracking technologies by these third parties is subject to their own privacy policies. Please review them carefully.,,,,,,,,,,,,,,,,,,
6,How you can change or control what is collected.,,,,,,,,,,,,,,,,,,
8,Privacy information for California residents.,,,,,,,,,,,,,,,,,,
8,Privacy information for Nevada users.,,,,,,,,,,,,,,,,,,
8,Privacy information for UK and EEA users.,,,,,,,,,,,,,,,,,,
0,Other useful information regarding your privacy.,,,,,,,,,,,,,,,,,,
11,How to contact us.,,,,,,,,,,,,,,,,,,
1,What information do the Skills obtain and how is it used?,,,,,,,,,,,,,,,,,,
3,Do third parties see and/or have access to information obtained by the Skills?,,,,,,,,,,,,,,,,,,
6,What are my opt-out rights?,,,,,,,,,,,,,,,,,,
12,"Data Retention Policy, Managing Your Information",,,,,,,,,,,,,,,,,,
7,Children,,,,,,,,,,,,,,,,,,
4,Security,,,,,,,,,,,,,,,,,,
1,What personal data does BCD collect?,,,,,,,,,,,,,,,,,,
10,How does BCD collect personal data?,,,,,,,,,,,,,,,,,,
13,How does BCD use personal data and on which legal bases?,,,,,,,,,,,,,,,,,,
3,Who does BCD disclose personal data to and why?,,,,,,,,,,,,,,,,,,
3,Does BCD disclose personal data across borders?,,,,,,,,,,,,,,,,,,
4,How does BCD store and protect personal data?,,,,,,,,,,,,,,,,,,
12,How long does BCD keep my personal data?,,,,,,,,,,,,,,,,,,
0,What about BCD applications?,,,,,,,,,,,,,,,,,,
3,What about links to third party websites and services?,,,,,,,,,,,,,,,,,,
2,How does BCD handle “do not track” requests and use “Cookies” and other similar technologies?,,,,,,,,,,,,,,,,,,
7,Does BCD collect personal data of children?,,,,,,,,,,,,,,,,,,
6,What are my rights with respect to my personal data?,,,,,,,,,,,,,,,,,,
6,How can I exercise my rights or make complaints?,,,,,,,,,,,,,,,,,,
9,How are changes to this Policy handled?,,,,,,,,,,,,,,,,,,
0,Consent,,,,,,,,,,,,,,,,,,
1,Information we collect,,,,,,,,,,,,,,,,,,
13,How we use your information,,,,,,,,,,,,,,,,,,
1,Log Files,,,,,,,,,,,,,,,,,,
5,Advertising Partners Privacy Policies,,,,,,,,,,,,,,,,,,
0,Third Party Privacy Policies,,,,,,,,,,,,,,,,,,
8,CCPA Privacy Rights (Do Not Sell My Personal Information),,,,,,,,,,,,,,,,,,
8,GDPR Data Protection Rights,,,,,,,,,,,,,,,,,,
7,Children's Information,,,,,,,,,,,,,,,,,,
0,1. SCOPE AND APPLICATION,,,,,,,,,,,,,,,,,,
4,2. SECURITY,,,,,,,,,,,,,,,,,,
0,3. CUSTOMER'S OBLIGATIONS,,,,,,,,,,,,,,,,,,
1,4. TYPES OF INFORMATION WE COLLECT,,,,,,,,,,,,,,,,,,
13,5. USE OF INFORMATION,,,,,,,,,,,,,,,,,,
4,6. SHARING OF INFORMATION,,,,,,,,,,,,,,,,,,
0,7. ACCOUNT INFORMATION,,,,,,,,,,,,,,,,,,
2,8. COOKIES,,,,,,,,,,,,,,,,,,
0,9. WEB BEACONS,,,,,,,,,,,,,,,,,,
3,10. THIRD PARTY ANALYTICS,,,,,,,,,,,,,,,,,,
0,11. SOCIAL SHARING FEATURES,,,,,,,,,,,,,,,,,,
0,12. PRIVACY SETTINGS,,,,,,,,,,,,,,,,,,
0,13. SERVICE-RELATED ANNOUNCEMENTS,,,,,,,,,,,,,,,,,,
0,14. LEGAL DISCLAIMER,,,,,,,,,,,,,,,,,,
9,15. CHANGES AND UPDATES TO THIS POLICY,,,,,,,,,,,,,,,,,,
3,16. Third Party Integrations,,,,,,,,,,,,,,,,,,
2,What information do the Applications obtain and how is it used?,,,,,,,,,,,,,,,,,,
3,Do third parties see and/or have access to information obtained by the Applications?,,,,,,,,,,,,,,,,,,
6,What are my opt-out rights?,,,,,,,,,,,,,,,,,,
12,"Data Retention Policy, Managing Your Information",,,,,,,,,,,,,,,,,,
7,Children,,,,,,,,,,,,,,,,,,
4,Security,,,,,,,,,,,,,,,,,,
9,Changes,,,,,,,,,,,,,,,,,,
6,Your Consent,,,,,,,,,,,,,,,,,,
11,Contact us,,,,,,,,,,,,,,,,,,
1,1. The Types of Personal Information We Collect And What We Do With It,,,,,,,,,,,,,,,,,,
3,2. What We Share With Others,,,,,,,,,,,,,,,,,,
0,3. Communications of Special Offers and Promotions and Opting-Out,,,,,,,,,,,,,,,,,,
2,4. Cookies,,,,,,,,,,,,,,,,,,
8,5. European Union and Individual Rights,,,,,,,,,,,,,,,,,,
8,6. California Consumer Rights,,,,,,,,,,,,,,,,,,
4,7. Protection of Personal Information by Red Roof Inns,,,,,,,,,,,,,,,,,,
3,8. Information Transfer and Consent,,,,,,,,,,,,,,,,,,
3,9. Third-Party Links and Content,,,,,,,,,,,,,,,,,,
0,10. Franchisees,,,,,,,,,,,,,,,,,,
0,11. Questions or Comments,,,,,,,,,,,,,,,,,,
0,12. Copyright and Trademark Notices,,,,,,,,,,,,,,,,,,
4,13. Privacy Protection Policy Changes,,,,,,,,,,,,,,,,,,
0,In this Privacy Notice We Explain:,,,,,,,,,,,,,,,,,,
0,Your Privacy is Very Important to Us,,,,,,,,,,,,,,,,,,
1,1.       What Information We Collect About You (and Why),,,,,,,,,,,,,,,,,,
3,Who is Responsible for Your Personal Data?,,,,,,,,,,,,,,,,,,
1, What Personal Data Do We Collect or Receive?,,,,,,,,,,,,,,,,,,
13,How We Use Your Personal Data and Who We Share it with,,,,,,,,,,,,,,,,,,
12,9.       Data retention,,,,,,,,,,,,,,,,,,
0,10.   Acting on someone else’s behalf,,,,,,,,,,,,,,,,,,
7,11.   Children,,,,,,,,,,,,,,,,,,
6,12.   Your rights,,,,,,,,,,,,,,,,,,
9,13.   Changes to Our Privacy Notice.,,,,,,,,,,,,,,,,,,
11,14.   Contacting Us and Complaints.,,,,,,,,,,,,,,,,,,
10,HOW AND WHY WE OBTAIN PERSONAL INFORMATION,,,,,,,,,,,,,,,,,,
3,HOW SEAPORT SHARES YOUR PERSONAL INFORMATION,,,,,,,,,,,,,,,,,,
3,HOW SEAPORT SHARES YOUR PERSONAL INFORMATION,,,,,,,,,,,,,,,,,,
2,COOKIES AND OTHER TECHNOLOGIES,,,,,,,,,,,,,,,,,,
5,ADVERTISING ON SEAPORT AND OTHER WEBSITES,,,,,,,,,,,,,,,,,,
0,THIRD-PARTY WEBSITES,,,,,,,,,,,,,,,,,,
0,SOCIAL MEDIA SITES,,,,,,,,,,,,,,,,,,
7,PROTECTING CHILDREN'S PRIVACY ONLINE,,,,,,,,,,,,,,,,,,
3,INTERNATIONAL TRANSFERS,,,,,,,,,,,,,,,,,,
3,BUSINESS TRANSFERS,,,,,,,,,,,,,,,,,,
0,LEGAL REQUIREMENTS,,,,,,,,,,,,,,,,,,
9,CHANGES TO THE SEAPORT PRIVACY STATEMENT,,,,,,,,,,,,,,,,,,
1,Information Collection And Use,,,,,,,,,,,,,,,,,,
13,Use of Data,,,,,,,,,,,,,,,,,,
3,Transfer Of Data,,,,,,,,,,,,,,,,,,
3,Disclosure Of Data,,,,,,,,,,,,,,,,,,
4,Security Of Data,,,,,,,,,,,,,,,,,,
9,Service Providers,,,,,,,,,,,,,,,,,,
0,Links To Other Sites,,,,,,,,,,,,,,,,,,
7,Children's Privacy,,,,,,,,,,,,,,,,,,
9,Changes To This Privacy Policy,,,,,,,,,,,,,,,,,,
11,Contact Us,,,,,,,,,,,,,,,,,,
1,WHAT INFORMATION WE COLLECT AND HOW WE USE IT,,,,,,,,,,,,,,,,,,
13,Using Your E-Mail Address,,,,,,,,,,,,,,,,,,
5,Advertisements That Link to Our Websites,,,,,,,,,,,,,,,,,,
6,YOUR COMMUNICATION AND PRIVACY CHOICES,,,,,,,,,,,,,,,,,,
0,Privacy Choices: How to Opt Out of Receiving Offers and Promotions from Studio Carlton,,,,,,,,,,,,,,,,,,
4,SECURING YOUR INFORMATION,,,,,,,,,,,,,,,,,,
0,CONTACTING STUDIO CARLTON,,,,,,,,,,,,,,,,,,
0,Scope of This Notice,,,,,,,,,,,,,,,,,,
0,Our Commitment to Privacy,,,,,,,,,,,,,,,,,,
1,The Information We Collect,,,,,,,,,,,,,,,,,,
13,Using Your Personal Information,,,,,,,,,,,,,,,,,,
3,Sharing Your Personal Information,,,,,,,,,,,,,,,,,,
6,Your Choices About Receiving E-Mail,,,,,,,,,,,,,,,,,,
2,Cookies and Other Browser Information,,,,,,,,,,,,,,,,,,
4,Our Commitment to Data Security,,,,,,,,,,,,,,,,,,
0,Public Forums Reminder,,,,,,,,,,,,,,,,,,
7,Our Commitment to Children’s Online Privacy,,,,,,,,,,,,,,,,,,
0,About Links to Other Sites,,,,,,,,,,,,,,,,,,
6,"How to Access, Modify or Update Your Information",,,,,,,,,,,,,,,,,,
11,How to Contact Us,,,,,,,,,,,,,,,,,,
9,Changes to this Privacy Statement,,,,,,,,,,,,,,,,,,
1,What information do we collect?,,,,,,,,,,,,,,,,,,
13,What do we use your information for?,,,,,,,,,,,,,,,,,,
4,How do we protect your information?,,,,,,,,,,,,,,,,,,
3,Do we disclose any information to outside parties?,,,,,,,,,,,,,,,,,,
6,Your Consent,,,,,,,,,,,,,,,,,,
9,Changes to our Privacy Policy,,,,,,,,,,,,,,,,,,
9,Contacting Us,,,,,,,,,,,,,,,,,,
1,Information Collection And Use,,,,,,,,,,,,,,,,,,
13,Use of Data,,,,,,,,,,,,,,,,,,
3,Transfer Of Data,,,,,,,,,,,,,,,,,,
3,Disclosure Of Data,,,,,,,,,,,,,,,,,,
4,Security Of Data,,,,,,,,,,,,,,,,,,
11,Service Providers,,,,,,,,,,,,,,,,,,
0,Links To Other Sites,,,,,,,,,,,,,,,,,,
7,Children’s Privacy,,,,,,,,,,,,,,,,,,
9,Changes To This Privacy Policy,,,,,,,,,,,,,,,,,,
11,Contact Us,,,,,,,,,,,,,,,,,,
1,INFORMATION WE COLLECT,,,,,,,,,,,,,,,,,,
13,HOW WE USE INFORMATION,,,,,,,,,,,,,,,,,,
3,HOW WE DISCLOSE INFORMATION,,,,,,,,,,,,,,,,,,
11,COMMUNICATIONS FROM US,,,,,,,,,,,,,,,,,,
12,"DATA DELETION, RETENTION AND ACCOUNT TERMINATION",,,,,,,,,,,,,,,,,,
7,CHILDREN,,,,,,,,,,,,,,,,,,
4,SECURITY,,,,,,,,,,,,,,,,,,
0,INTERNATIONAL USERS,,,,,,,,,,,,,,,,,,
9,MODIFICATIONS TO THIS PRIVACY POLICY,,,,,,,,,,,,,,,,,,
9,CONTACT INFORMATION,,,,,,,,,,,,,,,,,,
1,"What personal information do we collect from the people that visit our blog, website or app?",,,,,,,,,,,,,,,,,,
10,When do we collect information?,,,,,,,,,,,,,,,,,,
13,How do we use your information?,,,,,,,,,,,,,,,,,,
4,How do we protect your information?,,,,,,,,,,,,,,,,,,
2,Do we use ‘cookies’?,,,,,,,,,,,,,,,,,,
2,We use cookies to:,,,,,,,,,,,,,,,,,,
3,Third-party disclosure,,,,,,,,,,,,,,,,,,
0,Third-party links,,,,,,,,,,,,,,,,,,
0,Google,,,,,,,,,,,,,,,,,,
0,We have implemented the following,,,,,,,,,,,,,,,,,,
7,"According to CalOPPA, we agree to the following",,,,,,,,,,,,,,,,,,
4,How does our site handle Do Not Track signals?,,,,,,,,,,,,,,,,,,
3,Does our site allow third-party behavioral tracking?,,,,,,,,,,,,,,,,,,
7,COPPA (Children Online Privacy Protection Act),,,,,,,,,,,,,,,,,,
0,Fair Information Practices,,,,,,,,,,,,,,,,,,
0,"In order to be in line with Fair Information Practices we will take the following responsive action, should a data breach occur:",,,,,,,,,,,,,,,,,,
13,We collect your email address in order to:,,,,,,,,,,,,,,,,,,
0,"To be in accordance with CANSPAM, we agree to the following:",,,,,,,,,,,,,,,,,,
11,Contacting Us,,,,,,,,,,,,,,,,,,
1,WHAT INFORMATION DO WE COLLECT?,,,,,,,,,,,,,,,,,,
13,WHAT DO WE USE YOUR INFORMATION FOR?,,,,,,,,,,,,,,,,,,
4,HOW DO WE PROTECT YOUR INFORMATION?,,,,,,,,,,,,,,,,,,
2,DO WE USE COOKIES?,,,,,,,,,,,,,,,,,,
3,DO WE DISCLOSE ANY INFORMATION TO OUTSIDE PARTIES?,,,,,,,,,,,,,,,,,,
0,THIRD PARTY LINKS,,,,,,,,,,,,,,,,,,
8,CALIFORNIA ONLINE PRIVACY PROTECTION ACT COMPLIANCE,,,,,,,,,,,,,,,,,,
7,CHILDREN’S ONLINE PRIVACY PROTECTION ACT COMPLIANCE,,,,,,,,,,,,,,,,,,
0,YOUR CONSENT,,,,,,,,,,,,,,,,,,
9,CHANGES TO OUR PRIVACY POLICY,,,,,,,,,,,,,,,,,,
11,CONTACTING US,,,,,,,,,,,,,,,,,,
1,User Provided Information,,,,,,,,,,,,,,,,,,
12,"Data Retention Policy, Managing Your Information",,,,,,,,,,,,,,,,,,
7,Children,,,,,,,,,,,,,,,,,,
4,Security,,,,,,,,,,,,,,,,,,
9,Changes To This Privacy Policy,,,,,,,,,,,,,,,,,,
1,The Information We Collect,,,,,,,,,,,,,,,,,,
13,How We Use the Information,,,,,,,,,,,,,,,,,,
3,Information Sharing and Disclosure,,,,,,,,,,,,,,,,,,
2,Cookies and Other User and Ad-Targeting Technologies,,,,,,,,,,,,,,,,,,
4,Data Security,,,,,,,,,,,,,,,,,,
3,International Transfer,,,,,,,,,,,,,,,,,,
6,How You Can Access or Correct Information,,,,,,,,,,,,,,,,,,
8,California Residents – Your California Privacy Rights,,,,,,,,,,,,,,,,,,
9,Updates & Effective Date,,,,,,,,,,,,,,,,,,
1,Choices for personal information,,,,,,,,,,,,,,,,,,
3,Information sharing,,,,,,,,,,,,,,,,,,
4,Information security,,,,,,,,,,,,,,,,,,
0,Data integrity,,,,,,,,,,,,,,,,,,
6,Accessing and updating personal information,,,,,,,,,,,,,,,,,,
0,Enforcement,,,,,,,,,,,,,,,,,,
8,Notice to California Residents,,,,,,,,,,,,,,,,,,
9,Changes to this policy,,,,,,,,,,,,,,,,,,
1,Information Collection and Use,,,,,,,,,,,,,,,,,,
1,Log Data,,,,,,,,,,,,,,,,,,
2,Cookies,,,,,,,,,,,,,,,,,,
9,Service Providers,,,,,,,,,,,,,,,,,,
4,Security,,,,,,,,,,,,,,,,,,
0,Links to Other Sites,,,,,,,,,,,,,,,,,,
9,Changes to This Privacy Policy,,,,,,,,,,,,,,,,,,
11,Contact Us,,,,,,,,,,,,,,,,,,
0,1. Introduction,,,,,,,,,,,,,,,,,,
0,2. Document Classification,,,,,,,,,,,,,,,,,,
13,3. How we use your personal data,,,,,,,,,,,,,,,,,,
3,4. Providing your personal data to others,,,,,,,,,,,,,,,,,,
12,5. Retaining and deleting personal data,,,,,,,,,,,,,,,,,,
12,6. Retaining and deleting personal data,,,,,,,,,,,,,,,,,,
6,7. Your rights,,,,,,,,,,,,,,,,,,
2,9. About cookies,,,,,,,,,,,,,,,,,,
2,10. Cookies that we use,,,,,,,,,,,,,,,,,,
2,11. Cookies used by our service providers,,,,,,,,,,,,,,,,,,
0,13. Our Details,,,,,,,,,,,,,,,,,,
4,14. Data protection officer,,,,,,,,,,,,,,,,,,
1,1. Collection of Information,,,,,,,,,,,,,,,,,,
13,2. Use of Information,,,,,,,,,,,,,,,,,,
3,3. Sharing of Information,,,,,,,,,,,,,,,,,,
0,4. Additional Details,,,,,,,,,,,,,,,,,,
1,Information Collection and Use,,,,,,,,,,,,,,,,,,
1,Log Data,,,,,,,,,,,,,,,,,,
2,Cookies,,,,,,,,,,,,,,,,,,
11,Service Providers,,,,,,,,,,,,,,,,,,
4,Security,,,,,,,,,,,,,,,,,,
0,Links to Other Site,,,,,,,,,,,,,,,,,,
7,Children’s Privacy,,,,,,,,,,,,,,,,,,
9,Changes to This Privacy Policy,,,,,,,,,,,,,,,,,,
11,Contact Us,,,,,,,,,,,,,,,,,,
1,"What personal information do we collect from the people that visit our blog, website or app?",,,,,,,,,,,,,,,,,,
10,When do we collect information?,,,,,,,,,,,,,,,,,,
13,How do we use your information?,,,,,,,,,,,,,,,,,,
4,How do we protect your information?,,,,,,,,,,,,,,,,,,
2,Do we use 'cookies'?,,,,,,,,,,,,,,,,,,
3,Third-party disclosure,,,,,,,,,,,,,,,,,,
8,California Online Privacy Protection Act,,,,,,,,,,,,,,,,,,
7,COPPA (Children Online Privacy Protection Act),,,,,,,,,,,,,,,,,,
0,Fair Information Practices,,,,,,,,,,,,,,,,,,
1,Information Collection and Use,,,,,,,,,,,,,,,,,,
1,Log Data,,,,,,,,,,,,,,,,,,
2,Cookies,,,,,,,,,,,,,,,,,,
11,Service Providers,,,,,,,,,,,,,,,,,,
4,Security,,,,,,,,,,,,,,,,,,
7,Children’s Privacy,,,,,,,,,,,,,,,,,,
9,Changes to This Privacy Policy,,,,,,,,,,,,,,,,,,
11,Contact Us,,,,,,,,,,,,,,,,,,
1,What personal information do we collect from the people that visit our app?,,,,,,,,,,,,,,,,,,
13,When do we collect information and How do we use your information?,,,,,,,,,,,,,,,,,,
3,Third-party disclosure,,,,,,,,,,,,,,,,,,
0,Third-party links,,,,,,,,,,,,,,,,,,
7,COPPA (Children Online Privacy Protection Act),,,,,,,,,,,,,,,,,,
0,Fair Information Practices,,,,,,,,,,,,,,,,,,
0,User Content and Messages,,,,,,,,,,,,,,,,,,
6,Your Choices About Your Information,,,,,,,,,,,,,,,,,,
0,E-mail,,,,,,,,,,,,,,,,,,
0,Privacy Settings,,,,,,,,,,,,,,,,,,
2,Cookies and Other Identifiers,,,,,,,,,,,,,,,,,,
5,Advertising,,,,,,,,,,,,,,,,,,
7,Children's Privacy,,,,,,,,,,,,,,,,,,
8,California Consumer Privacy Act,,,,,,,,,,,,,,,,,,
9,Changes to Our Privacy Policy,,,,,,,,,,,,,,,,,,
0,PRIVACY POLICY for Alexa skill,,,,,,,,,,,,,,,,,,
1,1) Collection and Use of your Personal Information:,,,,,,,,,,,,,,,,,,
0,2) Compliance with Laws:,,,,,,,,,,,,,,,,,,
6,3) Your Acceptance of These Terms of Privacy Policy:,,,,,,,,,,,,,,,,,,
11,4) Contacting Us:,,,,,,,,,,,,,,,,,,
1,1. Collection Of Information,,,,,,,,,,,,,,,,,,
13,2. Use Of Information,,,,,,,,,,,,,,,,,,
3,3. Sharing Of Information,,,,,,,,,,,,,,,,,,
0,4. Additional Details,,,,,,,,,,,,,,,,,,
6,5. Your Choices,,,,,,,,,,,,,,,,,,
6,6. Data Rights,,,,,,,,,,,,,,,,,,
8,7. California Privacy Rights,,,,,,,,,,,,,,,,,,
11,8. Contact Us,,,,,,,,,,,,,,,,,,
1,Collection of personal information,,,,,,,,,,,,,,,,,,
13,Use of collected information,,,,,,,,,,,,,,,,,,
7,Children,,,,,,,,,,,,,,,,,,
4,Information security,,,,,,,,,,,,,,,,,,
9,Changes and amendments,,,,,,,,,,,,,,,,,,
0,Acceptance of this policy,,,,,,,,,,,,,,,,,,
11,Contacting us,,,,,,,,,,,,,,,,,,
1,"What personal information do we collect from the people that visit our blog, website or app?",,,,,,,,,,,,,,,,,,
10,When do we collect information?,,,,,,,,,,,,,,,,,,
13,How do we use your information?,,,,,,,,,,,,,,,,,,
4,How do we protect your information?,,,,,,,,,,,,,,,,,,
2,Do we use 'cookies'?,,,,,,,,,,,,,,,,,,
2,We use cookies to:,,,,,,,,,,,,,,,,,,
3,Third-party disclosure,,,,,,,,,,,,,,,,,,
0,Third-party links,,,,,,,,,,,,,,,,,,
8,California Online Privacy Protection Act,,,,,,,,,,,,,,,,,,
7,COPPA (Children Online Privacy Protection Act),,,,,,,,,,,,,,,,,,
13,We collect your email address in order to:,,,,,,,,,,,,,,,,,,
1,What information does the Application obtain and how is it used?,,,,,,,,,,,,,,,,,,
1,Does the Application collect precise real time location information of the device?,,,,,,,,,,,,,,,,,,
6,What are my opt-out rights?,,,,,,,,,,,,,,,,,,
12,"Data Retention Policy, Managing Your Information",,,,,,,,,,,,,,,,,,
7,Children,,,,,,,,,,,,,,,,,,
4,Security,,,,,,,,,,,,,,,,,,
9,Changes,,,,,,,,,,,,,,,,,,
6,Your Consent,,,,,,,,,,,,,,,,,,
11,Contact us,,,,,,,,,,,,,,,,,,
1,1. INFORMATION WE COLLECT,,,,,,,,,,,,,,,,,,
13,2. HOW WE USE YOUR INFORMATION,,,,,,,,,,,,,,,,,,
3,3. SHARING OF YOUR INFORMATION,,,,,,,,,,,,,,,,,,
12,4. HOW WE STORE YOUR INFORMATION,,,,,,,,,,,,,,,,,,
6,5. YOUR CHOICES ABOUT YOUR INFORMATION,,,,,,,,,,,,,,,,,,
7,6. CHILDREN’S PRIVACY,,,,,,,,,,,,,,,,,,
3,7. OTHER WEB SITES AND SERVICES,,,,,,,,,,,,,,,,,,
11,8. HOW TO CONTACT US ABOUT A DECEASED USER,,,,,,,,,,,,,,,,,,
11,9. HOW TO CONTACT US,,,,,,,,,,,,,,,,,,
9,10. CHANGES TO OUR PRIVACY POLICY,,,,,,,,,,,,,,,,,,
1,What potentially personally identifiable information do you collect?,,,,,,,,,,,,,,,,,,
1,What information do we NOT collect?,,,,,,,,,,,,,,,,,,
3,How is the information shared?,,,,,,,,,,,,,,,,,,
0,How do you respond to legal requests for information?,,,,,,,,,,,,,,,,,,
12,How is my information stored?,,,,,,,,,,,,,,,,,,
4,How is my information secured?,,,,,,,,,,,,,,,,,,
12,What is your data retention policy?,,,,,,,,,,,,,,,,,,
9,How do you notify people of changes to this policy?,,,,,,,,,,,,,,,,,,
9,How do I contact you if I have any privacy questions?,,,,,,,,,,,,,,,,,,
7,Children.,,,,,,,,,,,,,,,,,,
1,Collected Information,,,,,,,,,,,,,,,,,,
0,Anonymous Information,,,,,,,,,,,,,,,,,,
2,Cookies,,,,,,,,,,,,,,,,,,
3,Disclosure – Third Party Cookies,,,,,,,,,,,,,,,,,,
13,Use of Information,,,,,,,,,,,,,,,,,,
3,Disclosure of Information,,,,,,,,,,,,,,,,,,
6,Accessing and Controlling your Information.,,,,,,,,,,,,,,,,,,
3,Information Disclosed to Third Parties,,,,,,,,,,,,,,,,,,
4,Do Not Track,,,,,,,,,,,,,,,,,,
9,Changes to this Privacy Policy.,,,,,,,,,,,,,,,,,,
11,Contact Us.,,,,,,,,,,,,,,,,,,
1,What information is collected and how do we use it?,,,,,,,,,,,,,,,,,,
13,How the Personal Data is used,,,,,,,,,,,,,,,,,,
3,Who do we share your information with?,,,,,,,,,,,,,,,,,,
3,Disclosure to WEISHEIT group companies and Third Party Service Providers,,,,,,,,,,,,,,,,,,
3,Disclosure to Others,,,,,,,,,,,,,,,,,,
0,Other Information,,,,,,,,,,,,,,,,,,
6,Delete Information,,,,,,,,,,,,,,,,,,
3,Transfer Your Information,,,,,,,,,,,,,,,,,,
6,Your option,,,,,,,,,,,,,,,,,,
4,Information Safety Safeguards,,,,,,,,,,,,,,,,,,
12,Information retention period,,,,,,,,,,,,,,,,,,
9,Policy update,,,,,,,,,,,,,,,,,,
0,Complaints and feedback,,,,,,,,,,,,,,,,,,
0,Legal application and jurisdiction,,,,,,,,,,,,,,,,,,
0,Basic policy,,,,,,,,,,,,,,,,,,
1,1. Definition of personal information,,,,,,,,,,,,,,,,,,
2,2. Cookie/IP address information,,,,,,,,,,,,,,,,,,
13,3. Identification of the purpose of using personal information,,,,,,,,,,,,,,,,,,
13,4. Restrictions on the use of personal information,,,,,,,,,,,,,,,,,,
13,5. Proper acquisition of personal information,,,,,,,,,,,,,,,,,,
13,6. Notification of purpose of use when acquiring personal information,,,,,,,,,,,,,,,,,,
13,7. Change the purpose of using personal information,,,,,,,,,,,,,,,,,,
4,8. Safety management of personal information and supervision of employees,,,,,,,,,,,,,,,,,,
0,9. Outsourcing supervision,,,,,,,,,,,,,,,,,,
3,10. Restrictions provided by third parties,,,,,,,,,,,,,,,,,,
0,11. Publication of matters related to personal information,,,,,,,,,,,,,,,,,,
3,12. Disclosure of personal information,,,,,,,,,,,,,,,,,,
0,13. Correction of personal information,,,,,,,,,,,,,,,,,,
13,14. Suspension of use of personal information,,,,,,,,,,,,,,,,,,
0,15. Explanation of reason,,,,,,,,,,,,,,,,,,
11,16. Contact,,,,,,,,,,,,,,,,,,
1,1. Information we collect and how we collect it,,,,,,,,,,,,,,,,,,
13,2. How your information will be used,,,,,,,,,,,,,,,,,,
3,3. With whom your information will be shared,,,,,,,,,,,,,,,,,,
12,4. How long does our Company hold of your personal information,,,,,,,,,,,,,,,,,,
8,5. Your Rights if you are a EU/ EEA resident,,,,,,,,,,,,,,,,,,
12,6. Retention,,,,,,,,,,,,,,,,,,
0,7. Accuracy,,,,,,,,,,,,,,,,,,
4,8. Security safeguards,,,,,,,,,,,,,,,,,,
0,9. Condition to use our Company website,,,,,,,,,,,,,,,,,,
9,Policy Changes,,,,,,,,,,,,,,,,,,
1,The Types of Personal Information We Collect and How We Use It,,,,,,,,,,,,,,,,,,
4,Security,,,,,,,,,,,,,,,,,,
3,External Links and Interaction with Other Sites,,,,,,,,,,,,,,,,,,
7,Children,,,,,,,,,,,,,,,,,,
1,WHAT PERSONAL INFORMATION DOES CARRIER COLLECT? HOW DOES CARRIER COLLECT SUCH INFORMATION?,,,,,,,,,,,,,,,,,,
1,WHY DOES CARRIER COLLECT YOUR PERSONAL INFORMATION?,,,,,,,,,,,,,,,,,,
0,WHERE IS PERSONAL INFORMATION STORED?,,,,,,,,,,,,,,,,,,
13,DOES CARRIER USE YOUR PERSONAL INFORMATION TO CONTACT YOU?,,,,,,,,,,,,,,,,,,
3,DOES CARRIER SHARE THE INFORMATION IT COLLECTS WITH THIRD PARTIES?,,,,,,,,,,,,,,,,,,
0,REQUESTING AN APPOINTMENT,,,,,,,,,,,,,,,,,,
0,RATINGS AND REVIEWS,,,,,,,,,,,,,,,,,,
4,HOW DOES CARRIER SECURE PERSONAL INFORMATION?,,,,,,,,,,,,,,,,,,
12,HOW LONG DO WE KEEP YOUR PERSONAL INFORMATION?,,,,,,,,,,,,,,,,,,
6,"HOW CAN YOU CORRECT, CHANGE OR DELETE YOUR INFORMATION HELD BY CARRIER?",,,,,,,,,,,,,,,,,,
6,HOW CAN YOU CHANGE YOUR APP OR CONNECTED PRODUCT PRIVACY PREFERENCES?,,,,,,,,,,,,,,,,,,
0,"WHAT SHOULD YOU UNDERSTAND ABOUT THIRD-PARTY LINKS, FEATURES AND SOLUTIONS THAT MAY BE USED ON OUR WEBSITES AND WITHIN OUR APPS AND EMAILS?",,,,,,,,,,,,,,,,,,
2,HOW DOES CARRIER USE COOKIES AND OTHER TRACKING TECHNOLOGIES?,,,,,,,,,,,,,,,,,,
13,HOW MAY CARRIER USE LOCATION DATA?,,,,,,,,,,,,,,,,,,
0,WHAT ADDITIONAL INFORMATION SHOULD SPECIFIC USERS KNOW?,,,,,,,,,,,,,,,,,,
11,HOW CAN YOU CONTACT CARRIER?,,,,,,,,,,,,,,,,,,
1,What information does the App collect?,,,,,,,,,,,,,,,,,,
0,Will 3M share any of the information it receives?,,,,,,,,,,,,,,,,,,
4,How does 3M secure my information?,,,,,,,,,,,,,,,,,,
0,Where is this information processed?,,,,,,,,,,,,,,,,,,
6,What choices do I have?,,,,,,,,,,,,,,,,,,
7,Children's Information,,,,,,,,,,,,,,,,,,
3,Links to Other Websites or Third-Party Services,,,,,,,,,,,,,,,,,,
12,Data Retention and Deletion,,,,,,,,,,,,,,,,,,
9,Changes to this Privacy Policy,,,,,,,,,,,,,,,,,,
0,Questions or Concerns?,,,,,,,,,,,,,,,,,,
1,"What personal information do we collect from the people that visit our blog, website or app?",,,,,,,,,,,,,,,,,,
10,When do we collect information?,,,,,,,,,,,,,,,,,,
13,How do we use your information?,,,,,,,,,,,,,,,,,,
4,How do we protect visitor information?,,,,,,,,,,,,,,,,,,
2,Do we use 'cookies'?,,,,,,,,,,,,,,,,,,
3,Third-party disclosure,,,,,,,,,,,,,,,,,,
0,Third-party links,,,,,,,,,,,,,,,,,,
8,California Online Privacy Protection Act,,,,,,,,,,,,,,,,,,
7,According to CalOPPA we agree to the following:,,,,,,,,,,,,,,,,,,
4,How does our site handle do not track signals?,,,,,,,,,,,,,,,,,,
3,Does our site allow third-party behavioral tracking?,,,,,,,,,,,,,,,,,,
7,COPPA (Children Online Privacy Protection Act),,,,,,,,,,,,,,,,,,
0,Fair Information Practices,,,,,,,,,,,,,,,,,,
13,We collect your email address in order to:,,,,,,,,,,,,,,,,,,
11,Contacting Us,,,,,,,,,,,,,,,,,,